word,types
ã,adj.
'a,s.
'ã,s.
ache,s.
achegety,neol.|s.
ae,adj.|adv.
ãga,adv.
ãgagua,adj.
ãgaite,adv.
ãgave,adv.
ãge,adv.
ágotyo,adv.
aguai,s.
aguape,s.
aguapeaso,s.
aguara,adj.|s.
aguĩ,adv.
águi,adv.
aguĩgua,adj.
águio,adv.
aguive,adv.
aguyje,exp.
ahẽ,adj.|s.
ãho,s.|v. atr.
ahoja,s.
ahy'o,s.
ahy'ojere,v. atr.
ahy'opa'ã,v. atr.
ahy'otĩ,s.
ai,s.
ãicha,adv.
aigue,adj.
aiguy'i,s.
aipo,adj.
aipórõ,conj.
aipóva,pron. dem.
aisy,adj.
aja,p. n.
ajaka,s.
aje,exp.
aje'i,adv.
aju,adj.|v. atr.
ajukue,s.
ajúra,s.
ajurigua,s.
aju'y,s.
akã,s.
akãchara,s.
aka'ẽ,s.
akãguapy,adj.
akahãta,adj.|s.
akãjere,s.
akãkangue,s.
akãmbota,s.
akãmbyte,s.
akãndu,s.
akãngao,s.
akãngata,s.
akãngatu,s.
akãnga'u,s.
akãngyta,s.
akãnundu,adj.|s.
akã'o,s.
akãperõ,adj.
akãpicha'ĩ,s.
akãporã,adj.|s.
akãpyta,adj.
akãpytã,adj.
akãrague,s.
akãraku,adj.
apasionado,v. atr.
akãrapu'ã,s.
akãrasy,s.
akãratĩ,s.
akãsã,s.
akãtĩ,s.
akatúa,adj.|s.
akã'y,s.
áke,interj.
ako,adj.
akói,adv.
akua,adj.
akuã,adj.
akuãngue,s.
akue,adv.
akuruchĩ,adv.|s.
aky,adj.
akỹ,adj.
akỹmba,v. atr.
akỹta,s.
ama,s.
amambái,s.
amamo'ãha,s.
amandaje,s.
amandáu,s.
amandy,adj.|s.
amangurusu,s.
amangy,s.
amba'y,s.
ambere,s.
ambu,s.|v. atr.
ambu'a,adj.|s.
ambu'e,adj. ind. y pron. ind.
ambu'éicha,adv.
ambuéva,pron. ind.
amo,adj.|adv.
amóguio,adv.
amóicha,adv.
amóme,adv.
amóva,pron. dem.
amyrỹ,s.
anambusu,adj.
andai,s.
andu,s.
andupe'aha,s.
anga,adj.
ánga,s.
angapyhy,adj.|s.
anga'u,s.
ange,adv.
angekói,adj.
angete,adv.
angirũ,s.
angu'a,s.
angue,s.
anguja,s.
anguja'i,s.
ani,adv. de neg.
anichéne,exp.
ano,s.
aña,adj.|s.
añamechu,interj.
añareko,adj.
añaretã,adj.
añete,adj.|s.|adv.
añete'eha,s.
añetegua,adj.
añeteguáicha,adj.
añetehápe,adv.
añetépa,exp.
añetete,adj.
año,adj.|adv.
añohapegua,s.
añoite,s.
añónte,adv.
añuã,s.|v. pr.
añyka,s.
ao,s.
akyty,v. pr.
aokytyha,s.
aomokãrã,s.
apajeréi,s.|v. atr.
apajuái,s.
apakua,s.
akuapy,s.
apakuapyre,adj.
apañuái,s.
apasusũ,s.
apatĩ,adj.
ape,s.
ápe,adv.
apegua,adj.
apeju,adj.
apekangue,s.
apekũ,s.
apekue,s.
apekũguy,s.
apekuma,s.
apeno,s.
ápeo,adv.
apepu,s.
apere'a,s.
apesã,s.
apesỹi,adj.
apete,adv.
apĩ,adj.
apicha'ĩ,adj.
apiku'i,s.
apiru'a,s.
apoha,s.
apohára,s.
apohare,s.
apojovái,s.
apokytã,adj.|s.
apopẽ,adj.
apoporãmby,s.
apoporã'y,adj.
apopy,adj.
apopyrã,s.
apopyre,adj.|s.
aporeko,s.
apose,s.
apoukaha,s.
apoukapy,s.
apoukarã,s.
apovaihare,s.
apovõ,adj.
apu'a,adj.|s.
apy,s.
apyaty,v. pr.
apỹi,s.
apyka,s.
apykahai,neol.|s.
apyka'i,s.
apykatymói,s.
apyngua,s.
apype,s.
apyrapegua,adj.
apyra'ỹ,adj.
apyre'ỹ,adj.
apyre'ỹme,adv.
apyryve,v. atr.
apysa,s.
apysape,adj.
apysatũ,adj.
apysa'ỹ,s.
apysẽ,v. atr.
apyte,s.
apytépe,p. n.
apytere,adj.|s.
apytĩ,s.
apytĩha,s.
apytĩmby,s.
apytĩmbyre,adj.
apytĩngue,s.
apytu'ũ,s.
apytu'ũroky,s.
apỹve'y,adj.
arã,adv.
ára,s.
araapy,neol.|s.
arahechauka,neol.|s.
arai,s.
araitepe,adv.
araity,s.
araka,s.
araka'e,adv.
araka'eve,adv.
arakõi,neol.|s.
aramboha,h.|s.
aramboty,s.
aramirõ,h.|s.
arandu,adj.
sagaz,s.
aranduhape,adv.
aranduka,neol.|s.
arandukarenda,s.
arandukuaa,neol.|s.
arange,adv.
arapaha,s.
arapapaha,neol.|s.
arapa'ũ,s.
arapave'ỹme,adv.
arapa'ỹme,adv.
arapo,neol.|s.
arapokõi,neol.|s.
arapokõindy,neol.|s.
arapoteĩ,neol.|s.
arapoty,neol.|s.
arapy,s.
arapytu'u,neol.|s.
arara'a,s.
ararapo,s.
ararasa,s.
ararembe,s.
araresa,s.
araroguekúi,neol.|s.
araro'y,s.
araro'ysã,s.
ararundy,neol.|s.
arasa,s.
arasaty,s.
arasẽ,s.
arasunu,s.|v. atr.
arateĩ,neol.|s.
aratiku,s.
aratimbo,s.
aratiri,s.
aravai,s.
aravera,s.
araveraicha,adv.
aravo,neol.|s.
aravo'i,neol.|s.
aravo'ive,neol.|s.
aravopapaha,neol.|s.
arayvoty,neol.|s.
are,adj.
arekue,s.
arete,s.
ári,p. n.
arigua,s.
áripi,p. n.
árupi,adv.
aruru,adj.
ary,neol.
asãi,adj.
asaje,s.
mediodía,adv.
asajema,exp.
asajepyte,s.|adv.
asu,adj.
atã,adj.
atãngue,s.
atã'ỹ,adj.
ate'ỹ,adj.
holgazán,s.
atĩ,s.
atĩa,s.|v. atr.
atĩva,adj.
ati'y,s.
atõi,s.
atõiha,s.
atúa,s.
atuape,s.
atukupe,s.
atukupépe,adv.
aturu,adj.
aty,s.
atyha,s.
atykaha,s.
aupa,s.
ava,s.
áva,s.
avágui,adv.
ãva,pron.
avaite,s.
avakachi,s.
avakua,s.
avañe'ẽ,s.
avare,s.
avati,s.
avatiky,s.
avatimirĩ,neol.|s.
avatisoka,s.
avatity,s.
avati'y,s.
avausu,s.
avave,adj. ind.|pron. ind.
avavusu,adj.
avei,adv.
avevo,adj.
avoa,s.
avyky,v. atr.
ay,adj.
a'ỹ,adj.|s.
aysy,adj.|s.
ayvi,adj.
ayvu,s.
alboroto,v. atr.
chae,adj.
chahã,s.
cha'ĩ,adj.
cháke,interj.
chalái,adj.
chamame,s.
chamíga,h.|s.|voc.
chamígo,h.|s.|voc.
changui,s.
chapĩ,adj.
chara,adj.
charara,adj.|v. pr.
chavi,adj.
che,adj.
che'áma,h.|s.|voc.
chejehe,pron.
chejehegui,pron.
chejeupe,pron.
chejupe,pron.
chemba'e,pron. pos.
chéne,adv.
chentese,s.
chera'a,voc.
chesyasy,s.
chete,exp.
chéve,pron.
chi,suf. a. n.
chiã,v. pr.
chichã,s.
chichi,s.
chigua,adj.
chi'i,adj.
chi'õ,adj.|s.|v. atr.
chipa,s.
chiri,s.
chiripa,s.
chirirĩ,s.|v. pr.
chivivi,v. pr.
chivu,v. pr.
chochĩ,s.
chokokue,s.
chororo,s.
chovi,adj.|s.|v. atr.
chovy,adj.
chuchu,s.|v. pr.
chu'i,adj.
chumbe,s.
chupe,pron.
chure,adj.
churi,adj.
churugue,s.
chyryry,adj.|v. pr.
de,s.
eha,adj.|exp.
eichu,s.
eira,s.
eíra,s.
eiraity,s.
eirete,s.
epyta,exp.
erado,adj.
eta,suf. a. n.
ete,suf. a. n.
real,suf. a. v.
etehápe,suf. a. v.
eterei,adv.
eteve,suf. a. n.|suf. a. v.
'e'ỹ,s.
gi,suf. a. v.
gotyo,p. n.
gua,p. n.
guã,p. n.
gua'a,s.
guahẽ,s.|v. pr.
guahẽmba,v. pr.
guaho,s.
guahu,s.|v. pr.
guáicha,p. n.
gualala,s.|v. pr.
gualambáu,s.
guapo'y,s.
guapy,adj.|v. pr.
guapyha,s.
guarã,p. n.
guarápo,s.
guarara,s.
guare,p. n.
guareporu,s.
guari,s.|v. pr.
guarimbe,s.
guarini,v. pr.
guaripóla,s.
guasu,adj.|s.
guasuha,s.
guasuve,adj.
guasuvira,s.
guata,v. pr.
guataha,s.
guatahára,s.
guatapu,s.
guavira,s.
gue,v. pr.
gue'ẽ,s.|v. pr.
guejy,v. pr.
guejyha,s.
guenda,s.
gueraha,v. pr.
guereko,v. pr.
guerohory,s.
guerombyasy,s.
guerosapukái,v. pr.
guerova,v. pr.
guerovia,v. pr.
guerovia'ỹ,adj.
gueru,v. pr.
gueruka,v. pr.
gueteri,adv.
guevi,adj.|s.|v. pr.
gue'ỹva,adj.
gui,p. n.
guio,p. n.
guive,p. n.
guy,s.
guyguy,adv.|v. pr.
guyhai,neol.|adv.
guyra,s.
guyrajetapa,s.
guyraju,s.
guyrajura,s.
guyrapa,s.
guyratĩ,s.
guyraũ,s.
guyru,v. air.
guyry,s.
guyryry,s.
guy'u,v. air.
gy,suf. a. n.
ha,s.
tanda,conj.
ha'ã,t.|s.|v. pr.
ha'ãha,t.|s.
ha'ãmba,t.
ha'anga,t.
ha'angahai,neol.|t.|s.
ha'ãra,s.
ha'ãrã'ỹ,t.|adj.
ha'arõ,t.
ha'e,pron.
ha'éicha,adv.
ha'entese,s.
ha'eño,adj.
ha'ete,pron.|adv.
ha'etegua,adj.
ha'eteícha,adv.
ha'etépe,adv.
ha'etéva,adj.
ha'eve,adj.
capaz,s.
ha'eve'ỹ,adj.|s.
hagẽ,t.|adj.
hague,t.|adj.|s.
hague'o,t.
haguyno,t.|adj.|s.
haguyrõ,t.|adj.
hai,s.|v. pr.
hái,adj.|v. atr.
haiha,neol.|s.
haihára,neol.|s.
haijerepy,neol.|s.
haimbe,adj.|s.
Filo,v. pr.
haimbe'e,v. pr.
haimbe'eha,s.
haimbe'ỹ,adj.
hãimbíra,t.|s.
hãimbiti,t.|adj.
haimbyry,neol.|s.
háime,adv.
haimete,adv.
hainga,adj.
desafilado,v. pr.
haipyre,neol.|adj.
haipyvo,neol.|s.
haysyry,neol.
haitĩ,neol.|s.
haitypo,t.
hajy,t.|s.
hajygue,t.|adj.
hakã,t.|s.
hakãkytĩ,t.
haka'o,t.
hakate'ỹ,t.|adj.
háke,interj.
haku,adj.
hakua,t.|adj.
hakuchi,t.|adj.
hauvy,t.|adj.
hakykuerigua,t.|adj.
ha'o,t.|adj.
hapejoko,t.
hapera'arõ,t.
hapereka,t.
hapi'u,v. pr.
hapo'o,t.
hapy,t.
hapykuerigua,t.|adj.
hapypyre,t.|adj.
hara,v. pr.
haro,v. pr.
haru,v. pr.
haruha,s.
harúva,adj.
hary,v. pr.
harypyre,adj.
haryvo,v. pr.
hasa,t.
hasaha,t.|s.
hasaha'i,t.|s.
hasahára,t.|s.
hasa'ỹha,t.|adj.
hasẽ,v. atr.
háse,h.|s.
hasy,t.|adj.
hasykatúva,t.|adj.
hasymombia,t.|neol.
hasy'ỹ,t.|adj.|s.
hatã,t.|adj.|adv.
hatãkue,t.|s.
hatapyña,t.
hatapyñaha,t.|s.
hatatĩ,t.
hatã'ỹva,t.|adj.
hatĩ,t.|adj.
hati'õ,t.
hatĩpẽva,t.
hatĩva,t.|adj.
ha'uvõ,t.|s.|v. pr.
havara,adj.
havẽ,t.|adj.
havere,t.|s.|v. pr.
havía,s.
haviju,t.|adj.
havira,t.
haviru,t.|adj.
havi'u,t.|s.|v. pr.
havõ,h.|s.
havyka,v. pr.
hayhu,t.
hayhuha,t.|s.
hayhupy,t.|s.
hayhupyre,t.|adj.
hayhuve,t.
hayhu'ỹ,t.
ha'ỹijo,t.
ha'ỹi'o,t.|v. pr.
he,adj.
hecha,t.
hechaga'u,t.
hechga'úva,t.|adj.
hechahare,t.|s.
hechakuaha,t.
hechauaha'ỹ,t.|s.
hechambyky,t.|adj.
hechapy,t.|adj.
hechapyrã,t.|adj.
hechapyrãite,t.|adj.
hechapyre,t.|adj.
hecharamo,t.
hecharamomby,t.|adj.
hecharei,t.
hechauka,t.
hechavy,t.
hecha'ỹ,adj.
heẽ,adv.
he'ẽ,adj.
heindy,t.|s.
he'iséva,s.
he'iva,s.
heja,t.
hejapyra'ỹ,t.|adj.
heka,t.
hekoatã,t.|adj.
hekojoja,t.|adj.
hekokatu,t.|adj.
hekombo'e,t.
hekombyai,t.
hekome'ẽ,t.
hekópe,t.|adv.
hekopegua,t.|adj.
hekopegua'ỹ,t.|adj.
hekope'ỹ,t.|adj.
incorrecto,adv.
hekoporã,t.|adj.
hekora'ã,t.
hekorei,t.|adj.
hekovai,t.|adj.
hekovia,t.|s.
hekua,t.|s.
hekuavo,v. pr.
hekua'ỹ,t.|s.|adv.
hekue,s.
hembe'yva,t.|adj.
hembiayhu,t.|adj.
hembireko'ỹva,t.|adj.
hembi'u'apo,t.
hembi'ume'ẽ,t.
hemby,t.
hemói,t.
hendape'ỹ,t.|adv.
hendave'ỹ,t.|adj.
henda'ỹ,t.|adj.
henda'ỹme,t.|adv.
hendu,t.
henduha,t.|s.
henduhára,t.|s.
henduhare,t.|s.
henduka,t.
hendupyrã,t.|adj.|s.
hendupyre,t.|adj.
hendypu,t.|adj.
henói,t.
henoypyre,t.|adj.
henonde'a,t.
henyhẽ,t.|adj.
henyhẽmba,t.|adj.
henypy'ãvã,t.|adj.
heñóiva,t.|adj.
he'õ,t.|adj.
hepy,t.|adj.
hepyguejy,t.
hepy'íva,t.|adj.
hepyme'ẽ,t.
hepyme'ẽva,t.|s.
héra,s.
heraitépe,t.|adv.
herakuã,t.|adj.
herekua,t.|s.
herekuave'ỹme,t.|adv.
herekuávo,t.|adv.
hero,t.|s.
heropyre,t.|adj.
herunguã,adj.|s.
hesaguasu,t.|adj.
hesãi,t.|adj.
hesaite,t.|adj.
hesaite'o,t.
hesakã,t.|adj.
hesakuaguyry,t.|adj.
hesakuape,t.|adj.
hesamo'ã,t.
hesangy,t.|adj.
hesape,t.
hesape'a,t.
hesapirĩ,t.
hesarái,t.
hesaraipyre,t.|adj.
hesarai'ỹva,t.|adj.
hesarea,t.
hesareaha,t.|adj.
hesavã,t.|adj.
hesayva,t.|adj.
hesy,t.
hesyha,t.|s.
hesypyre,t.|adj.
heta,t.|adj.|adv.
hetakue,t.|s.
hetami,t.|adj.
hetave,t.|adv.
hete,t.|s.
heteỹ,t.|adj.
hetia'e,t.|adj.
hetũ,t.
hetyma,t.|s.
he'ỹ,adj.
he'ỹi,t.
hi'aragua,adj.
hi'are,adj.
hi'ari,adv.
hi'áva,adj.
hi'a'ỹva,adj.
hikuái,pron.
hína,adv.
hi'upy,s.
hi'yva,adj.
ho,s.
ho'ẽ,s.
hogue'o,t.
hoja'o,v. pr.
hoky'o,t.
hory,t.|adj.
hory'ỹva,t.|adj.
hosã,t.|adj.
hova,t.|s.
hovái,t.
hovaigua,t.|adj.
hovaju,t.|adj.
hovamokõi,t.|adj.
hovana,s.
hovapete,t.
hovapoi,t.
hovapuku,t.|adj.
hovasa,t.
hovasapyre,t.|adj.
hovasy,t.|adj.
hovatavy,t.|adj.
hovy,t.|adj.
hovyũ,t.|adj.
ho'ysã,t.|adj.
hũ,adj.
hua'ĩ,v. pr.
hugua,t.|s.
huguái,t.|s.
huguaitĩ,t.
hugua'o,t.
huguy,t.|adj.
huguypáva,t.|adj.
hu'utĩ,s.
humbiri,v. pr.
hũngy,adj.
hupi,t.
hupiha,t.|s.
hupyty,t.
hupytypyrã,t.|s.
hu'ũ,t.|adj.
hu'y,s.
hu'yvo,s.|v. atr.
hy'a,s.
hyakuã,t.|adj.|v. atr.
hyakuãvu,t.|adj.
hyakuã'ỹva,t.|adj.
hyapu,t.
hyekuekytĩ,t.
hyepy,t.|s.
hyepypegua,t.|adj.
hyguatã,t.|adj.
hyguatã'ỹ,t.|adj.
hyjúi,t.|adj.
hykue'o,t.
hykuéva,t.|adj.
hypa,t.|adj.
hypa'ỹ,t.|adj.
hypy,t.|adj.
hypy'ũ,t.|adj.
hyru,t.|s.
hyvi,adj.|s.|v. pr.
'i,suf. a. n.
icha,p. n.
ichagua,p. n.
ichupe,pron.
iguypegua,adj.
ikatu,adv.
ikatúne,adv.
ikatupáva,adj.
ikatúva,adj.
ikatu'ỹha,s.
ikatu'ỹva,adj.
ike,v. pr.
iko,v. pr.
ikoe,adj.|v. atr.|adv.
ikokatu,v. pr.
ikose,v. pr.
ikove,v. pr.
ikua'íva,adj.
ikuáva,adj.
ilílla,h.|s.
imba'e,pron. pos.
ime,v. pr.
imo'ã,v. pr.
imo'ãporãva,adj.
inga,s.
inimbe,t.|s.
inimbo,t.|s.
ipahápe,adv.
ipi,p. n.
ipo,suf. a. v.
iporãma,interj.
iporupy,adj.
ipúva,adj.
ipuvaíva,adj.
irũ,s.
irundy,adj.
irundyha,adj.
irundykue,neol.|s.
irundypa,neol.|adj.
ita,s.
itahũ,s.
itaju,s.
itakái,neol.|s.
itakua,s.
itakurutĩ,s.
itakuruvi,s.
itangecha,neol.|s.
itapa,s.
itapu,neol.|s.
itasã,neol.|s.
itasy,s.
itatĩ,s.
itaty,s.
ite,suf. a. n.|suf. a. v.
iterei,adv.
iteve,suf. a. n.
ity,v. pr.
'ive,suf. a. v.
ja,s.
posibilidad,v. pr.
ja'e,v. atr.
jagua,s.
jagua'i,s.
jaguape,s.
jaguapytã,s.
jaguarete,s.
jaguarete'i,s.
jaguaru,s.
jaguary'e,s.
jahapa,s.
jahape,s.
jahéi,s.|v. pr.
jahei'ỹ,s.
jahe'o,s.|v. pr.
jaho'i,v. pr.
jaho'i'o,v. pr.
jaho'ipyre,adj.
jahu,v. pr.
jahuha,neol.
jai,s.
jái,adj.
jaipa,adj.
jaitypo,v. pr.
jajái,s.|v. pr.
jajupiha,neol.|s.
jakarati'a,s.
jakare,s.
jakavere,s.
jaku,s.
jakupeti,s.
ja'o,s.|v. pr.
ja'opy,s.
ja'opyre,adj.
japa,s.
jápa,h.|s.
japajeréi,v. pr.
japajua,adj.
japakua,v. pr.
japaro,s.|v. pr.
japaso,v. pr.
jape'o,v. pr.
japete,s.
japeusa,s.
japi,s.|v. pr.
japo,v. pr.
japokói,v. pr.
japokuaha,s.|v. pr.
japopa,v. pr.
japopyre,s.
japose,v. pr.
japouka,v. pr.
japove,v. pr.
japu,adj.|s.
macana,v. atr.
japu'ỹ,adj.
japu'ỹre,adv.
japu'ỹva,adj.
japyhara,v. pr.
japyhy,v. pr.
japysaka,s.|v. pr.
jara,v. pr.
jára,s.
jarara,s.
jararã,s.
jarareka,v. pr.
jara'ỹva,adj.
jare,adj.|s.
jari'i,s.
jaru,s.
jasuru,v. pr.
jasurúva,adj.
jasy,s.
jasyapy,neol.|s.
jasyho,s.
jasyjatere,s.
jasykõi,neol.|s.
jasypaha,s.
jasypakõi,neol.|s.
jasypateĩ,neol.|s.
jasypegua,adj.
jasypo,neol.|s.
jasypoapy,neol.|s.
jasypokõi,neol.|s.
jasyporundy,neol.|s.
jasypoteĩ,neol.|s.
jasyrundy,neol.|s.
jasyteĩ,neol.|s.
jata'i,s.
jatapy,v. pr.
jate'i,s.
jatevu,s.
jati'i,s.
jaty,v. pr.
jatyka,v. pr.
jatykaha,s.
jatyko,v. pr.
jatyta,s.
ja'upyrã,adj.
ja'úva,adj.
jave,adj.|s.
javegua,s.
javete,adv.
javeve,adj.|s.|p. n.
jabiru,v. pr.
javo'o,v. pr.
javo'ói,adj.|s.
javorái,s.
javorai'o,v. pr.
javy,s.|v. pr.
javyky,v. pr.
ja'yvere,v. pr.
jayvy,adj.
je,s.
je'a,s.
je'aha,s.
jeaojyvapepi,v. pr.
jecha,s.|v. pr.
jechakuaa,s.
jechauka,s.
je'e,s.
jeepy,s.
jegua,adj.|s.|v. pr.
jegua'íva,adj.
jeguaka,s.
jeguareipáva,adj.
jeguata,s.
jeguataha,neol.|s.
jegua'ỹ,s.
jegua'ỹre,adj.
jeguejy,s.
jeguejyha,s.
jegueroviapy,s.
jegueru,s.
jeguevi,s.
jehai,s.
jehaipyre,neol.|s.
jehapy,s.
jeharu,s.
jehasa,s.
jehasaha,s.
jehayhu,adj.
jehayhuve,adj.|s.
jehayhu'ỹva,adj.
jehe,p. n.
jehe'a,s.
complicación,v. pr.
jehecha,s.
jehechauka,s.
demostración,v. pr.
jehecháva,adj.
jehegua,exp.
jehegui,pron.
jeheja,s.
jeheja'ỹ,s.
jeheja'ỹre,adv.
jeheka,s.|v. pr.
jehekombo'e,v. pr.
jehekoporanga,v. pr.
jehero,v. pr.
jehetepyso,v. pr.
jeheterayhu,s.
jeho,s.
jehovañuã,v. pr.
jehovasa,v. pr.
jehu,v. pr.
jehupa,s.
jehupi,s.
jehupyre,s.
jehupyty,s.|v. atr.
jehykuavo,s.
jei,s.|v. pr.
jeike,s.
jeikeha,s.
jeiko,s.|v. pr.
jeikoha,s.
jeikove,s.
jeity,s.|v. pr.
jejaho'iha,s.
jeja'o,s.
jejapi,s.
jejapo,adj.|s.
jejapokatúva,adj.
jejapopáva,adj.
jejaporã,s.
jejapose,s.
jejapose'ỹ,s.
jejapóva,adj.
jejapove,s.
jejapo'ỹ,adj.|s.
jejapyhy,v. pr.
jejaro,v. pr.
jejasuru,s.
jejavy,s.
desacierto,v. pr.
jejehe'a,v. pr.
jejeroviarei,s.
jejoheiha,s.
jejoko,s.|v. pr.
jejokoha,s.
jejoko'ỹ,s.
jejokuapy,adj.
jejopi,s.
jejopy,adj.|s.
jejopyru,s.
jejovasa,v. pr.
jeju,s.
jejuka,s.
jejukaha,adj.
jejupi,s.
jejura,s.
jejuruhéi,s.
jejuru'o,v. pr.
jejuru'óva,s.
jejurupe'a,v. pr.
jejurupeka,s.
jejuvoka,adj.
jejyvamboi,s.
jeka,adj.|s.|v. pr.
jekaguai,s.
jekái,s.
jekakaha,s.
jekakuaha,s.
jekakue,adj.
jeka'u,s.
jeko,v. pr.
jekoha,s.
jekopyty,s.
jekuahapyre,adj.
jekuahauka,s.
jekuahave,v. pr.
jekuaha'ỹ,s.
jekuaha'ỹva,adj.
jekuaru,s.
jeku'e,s.
jekutu,s.
jekyty,s.|v. pr.
jeive,s.|adv.
jeliaha,h.|s.
je'o,adj.|v. pr.
je'ói,s.|v. pr.
je'o'ỹva,adj.
jepapa,s.
jepara,h.|s.
jepe,adv.|conj.
jepe'a,adj.
jepe'aha,s.
jepe'ava,v. pr.
jepe'e,v. pr.
jepeju,s.|v. pr.
jepejuha,s.
jepepy,v. pr.
jepéva,adv.
jepeve,conj.
jepi,adv.
jepichy,s.|v. pr.
jepigua,adj.
jepigua'ỹ,adj.
jepire'o,s.
jepiro,v. pr.
jepive,adv.
jepo,s.
jepoapi,v. pr.
jepohéi,v. pr.
jepoi,s.|v. pr.
jepoity,v. pr.
jepoka,s.|v. pr.
jepoko,s.
jepokogua,adj.
jepokói,v. pr.
jepokokuaháva,adj.
jepokuaha,adj.
usual,s.
jepokuahaha,s.
jepokuaháva,adj.
jepokuaha,s.
jepokuita,v. pr.
jepokyty,v. pr.
jepopete,s.|v. pr.
jepopyhy,v. pr.
jeporavo,s.
jeporavopyre,adj.
jeporoheka,s.
jeporu,s.
jeporuháicha,adv.
jeporuka,s.
jeporukuaha,adj.
jeporupyre,adj.
jeporuypy,s.
jepota,s.
jepotave,adj.
jepoupi,v. pr.
jepovyvy,v. pr.
jepoyhu,adj.|s.|v. pr.
jepuru'a,v. pr.
jepuruypy,s.
jepy,s.|v. pr.
jepy'ajoko,v. pr.
jepy'ajopy,adj.
jepy'amongeta,s.|v. pr.
jepy'añopũ,v. pr.
jepy'apy,adj.|s.|v. pr.
jepy'aremói,s.
jepyhéi,v. pr.
jepyta,s.
jepytaha,s.
jepytaka,v. pr.
jepytaso,adj.|s.
empeño,v. pr.
jepyte,s.
jepyteha,s.
jepyvoi,s.
jepyvu,s.
jera,adj.|s.
jere,s.|v. pr.
jereha,s.
jereko,s.|v. pr.
jerekoha,s.
jerekue,s.
jerepy,s.
jerepyre,adj.
jerére,adv.
jerereko,s.|v. pr.
jerekoha,s.
jererohory,s.
jererova,v. pr.
jero,adj.
erguido,v. pr.
jero'a,adj.|s.|v. pr.
jeroja,v. pr.
jerojy,s.|v. pr.
jeroky,s.|v. pr.
jerokyha,s.
jerombyasy,s.
jerova,s.|v. pr.
jerovia,s.|v. pr.
jeroviaha,adj.|s.
jeroviaha'ỹ,adj.
jeroviapy,adj.|s.
jeroviarei,adj.
jeroviauka,s.
jeroviaukaha,s.
jeroviave'ỹ,s.|v. atr.
jerovia'ỹ,s.
jerovu,adj.|s.
jerovu'ỹ,adj.|s.
jerure,s.
solicitud,v. pr.
jerureha,s.
jerurepyre,adj.
jeruti,s.
jesape'a,v. pr.
jesape'áva,adj.
jesapy,v. pr.
jesapymi,v. pr.
jesapysoha,s.
jesareko,s.|v. pr.
jeso,s.
jesoro,s.
jesu'u,s.
jetapa,s.
jetape'avy,v. pr.
jetavy'o,v. pr.
jetepyso,s.|v. pr.
jetu'u,s.|v. pr.
jetu'úva,adj.
jety,s.
jetypeka,v. pr.
jetyvyro,v. pr.
je'u,s.
jeupe,p. n.
je'upy,s.
jevava,s.
jevu,s.
jevy,s.
retroceso,adv.
jey,s.|adv.
jeyta,s.
jey'uha,s.
jey'urã,s.
joa,adj.|adv.
jo'a,adj.|v. pr.
joaju,adj.|s.
joapy,adj.
doble,s.|v. pr.
jo'apyrã,adj.
joasa,v. pr.
joaty,s.
joavy,adj.
discordia,v. pr.
joayhu,s.
joayhu'ỹ,s.
joehe,adv.
jogapo,v. pr.
jogua,v. pr.
joguaha,adj.|s.
joguapyrã,s.
joguapyre,s.
jogueraha,v. pr.
joguerekokuaha,s.
joha,adj.|s.
johayhu,v. pr.
johechakuaha,s.
johéi,v. pr.
joheiha,s.
joheihára,s.
joheipyre,adj.
johupyre,adj.
johupyty,v. pr.
joja,adj.
jojaha,adj.|s.
jojahápe,adv.
jojái,s.|v. pr.
jojaiha,s.
jojaha'ỹ,s.
jojapy,adj.
joja'ỹ,adj.
joja'ỹme,adv.
jojói,s.
jojopara,v. pr.
jojopy,v. pr.
joka,v. pr.
jokapyre,adj.
joko,v. pr.
jokoha,s.
jokoha'ỹva,adj.
jokopyre,adj.
jokua,v. pr.
jokuaha,v. pr.
jokuái,v. pr.
jokuaiha,s.
jokuaipy,s.
jokuapy,adj.|s.
jokuapyre,adj.
jokupyty,s.
jo'o,v. pr.
jo'oha,neol.|s.
jopara,adj.|s.
combinación,v. pr.
jope,s.|v. pr.
jope'a,v. pr.
jopi,s.|v. pr.
jopoi,s.|v. pr.
jopói,s.|v. pr.
joporu,v. pr.
jora,s.
jorapyrã'ỹ,adj.
joso,v. pr.
josoha,s.
josopyre,adj.
jovái,adj.|adv.|v. pr.
oponerse,p. n.
joyke'y,s.
joyvy,adj.|s.
ju,adj.|s.
ju'ái,s.
juaju,adj.|s.|v. pr.
juaju'ỹ,s.
jua'o,v. pr.
juapy,v. pr.
juasa,s.|v. pr.
juecha,s.|v. pr.
juehegui,exp.
juhu,v. pr.
juhuha,s.
juhupyre,s.
juhupyty,s.
júi,s.
ju'i,s.
juka,v. pr.
jukaha,s.
jukahára,s.
jukapa,v. pr.
juku'a,s.
juky,adj.
saleroso,s.
jukyry,s.
jukysy,s.
jukyty,s.
jupi,v. pr.
jura,v. pr.
jurapyre,adj.
juru,s.
juru'a,s.
juru'atã,adj.|s.
juruaysy,s.
jurugua,adj.
juruhe,s.
juruhe'ẽ,adj.|s.
juruhe'ỹ,adj.|s.
juruja,s.
jurujái,adj.
s,v. atr.
jurujoko,v. pr.
jurukechẽ,s.
jurumboty,v. pr.
jurumi,s.
jurumy'ỹi,adj.
jurune,s.
jurupari,s.
jurupe'a,adj.|v. pr.
jurupeteĩ,s.
jurupyasy,v. atr.
jurupyte,s.|v. pr.
juruvy,adj.|v. pr.
juvoka,v. pr.
juvy,v. pr.
juvypyre,adj.
jy,adj.
jygue,adj.
jyva,s.
jyva'anga,s.
jyva'apĩ,s.
jyvaguy,s.
jyva'ỹ,adj.
jy'y,s.
kã,adj.|s.|v. atr.
ka'a,s.
ka'aguasu,s.
ka'aguy,s.
ka'aguygua,adj.
ka'apari,s.
ka'apetái,s.
ka'api,v. pr.
ka'arẽ,s.
ka'aru,s.
ka'aurugua,adj.
ka'arúma,s.
ka'ary,s.
ka'asapa,s.
ka'aty,s.
ka'avo,adj.|s.
ka'avoty,s.
ka'ay,s.
ka'ay'u,v. pr.
kacha,v. pr.
kachape,adj.
maleducado,s.
kachiãi,adj.
kachímbo,s.
kagua,s.
kaguai,s.|v. pr.
kaguaka,s.
kaguyjy,s.
kái,adj.|s.|v. pr.
ka'i,s.
kaigue,adj.
lento,s.
ka'irãi,s.
ka'irãmegua,s.
kakuaha,adj.
mayúsculo,adv.|v. pr.
kakuaháva,adj.
kakuahave,adj.
káma,s.
kamambu,s.
kamapu'ã,s.
kamapy,s.
kamba,adj.
kambire,s.
kambu,adj.|v. pr.
kambuchi,s.
kambuchi'i,s.
kambuha,s.
kamby,s.
kandua,s.
kane'o,adj.|s.
fatiga,v. atr.
kane'õngue,s.
kangue,s.
kanguekue,s.
kangy,adj.|s.
kangyhápe,adv.
kañy,adj.
kañyha,s.
kañyhápe,adv.
kañymby,s.
kañypyre,adj.
kapiatĩ,s.
kapi'i,s.
kapi'ipe,s.
kapi'ity,s.
kapi'i'uha,adj.
kapi'yva,s.
kapu,v. pr.
kapuéra,s.
karácha,h.|s.
karaguata,s.
karai,adj.|s.
karãi,v. pr.
karaiñe'ẽ,s.
karai'ỹva,adj.
karaja,s.
karakara,s.
karakatu,adj.|s.
karaku,s.
karameguã,s.
karanda'y,s.
karanda'yty,s.
karapã,adj.
karape,adj.
karapekue,s.
karãu,s.
karáu,s.|v. atr.
karẽ,adj.
karẽ'ỹ,adj.
karẽ'ỹme,adv.
karimbata,s.
karóva,s.
karu,adj.|s.
karugua,s.
karuha,s.
karu'i,adj.
karumbe,s.
karuse,s.
karu'ỹ,s.|v. pr.
kasõ,h.|s.
kate,h.|adj.
katekue,h.|s.
katĩ,h.|adj.|s.
katĩ'oha,neol.|s.
katu,s.|adv.|conj.
interj,v. atr.
katuete,adv.
katupyry,adj.|s.
katupyry'ỹva,adj.
katuveha,s.
katu'ỹva,adj.
ka'u,adj.|s.
Borrachera,v. pr.
ka'u'ỹ,adj.|s.
káva,s.
kavaju,h.|s.
kavame,s.
kavara,h.|s.
kavichu'i,s.
kavure,s.
kavure'i,adj.|s.
ka'ygua,s.
kay'u,v. pr.
ke,s.
pr,suf. a. v.
kechẽ,adj.
keha,s.
kekẽ,adj.
kena,suf. a. v.
kepochy,s.
kéra,s.
keraguata,adj.
kerambi,v. pr.
kerambipu,s.
kerambu,v. pr.
kerana,adj.|s.
kerandy,s.
kerapohã,s.
kerasy,s.
kerésa,h.|s.
kesu,h.|s.
ke'ỹ,s.|v. pr.
kichi'ĩ,neol.|s.|v. pr.
kirikiri,s.
kirirĩ,adj.|s.
kirirĩhápe,adv.
kirirĩme,s.
kiveve,s.
ko,adj.|suf. a. v.
ko'ã,adj.
kóa,pron. dem.
ko'ãga,adv.
ko'ãgagua,adj.
ko'ãgaguáicha,adv.
ko'ãgaite,adv.
ko'águio,adv.
ko'ãichagua,adj.
ko'ápe,adv.
ko'ára,s.
ko'árupi,adv.
ko'ãva,pron. dem.
koe,v. air.
ko'ẽ,s.
ko'ẽambue,adv.
ko'ẽju,s.
ko'ẽmba,s.|v. atr.
ko'ẽmbiju,s.
ko'ẽmbota,s.
ko'ẽmby,s.
ko'ẽmbyja,s.
ko'ẽpytã,s.
ko'ẽregua,adj.
ko'ẽrõ,adv.
ko'ẽsoro,s.
ko'ẽtĩ,s.
kóga,s.
koga'a,s.
kogakue,s.
ko'i,s.|v. pr.
kõi,adj.
kóicha,adv.
koichagua,adj.
koichaite,adj.|adv.
kokue,s.
kokueguára,s.
kokuehe,adv.
koli,h.|adj.
ko'o,s.
ko'õi,v. atr.
ko'õiha,s.
ko'õ'ỹ,adj.
kopi,v. pr.
kora,h.|s.
korapy,h.|s.
korochire,s.
korócho,adj.|adv.
korocho'o,v. pr.
korõi,s.|v. pr.
kororõ,s.|v. pr.
kosereva,h.|s.
kotevẽ,s.|v. air.
kotevẽmby,s.
kotevẽpyre,adj.
koty,s.
kotyguahẽha,neol.|s.
koty'i,s.
kotyjahuha,neol.|s.
kotykaruha,neol.|s.
kotykeha,neol.|s.
kotyo,p. n.
kotypy,s.
kóva,pron. dem.
kovi,s.
ku,adj.
kũ,s.
kua,s.
kuã,s.
kũ'ã,s.
kuãcha'ĩ,v. atr.
kuaha,s.|v. air.
kuahaha,adj.
kuahahápe,adv.
kuaapavẽ,neol.|s.
kuahapy,s.
kuahapyrã,adj.|s.
kuahapyre,adj.
kuahase,s.
kuahauka,v. air.
kuahaukahára,s.
kuahaukavy,v. air.
kuahave'ỹ,v. air.
kuaha'ỹva,adj.
kuã'i,s.
kuãirũ,s.
ku'akua,s.
kuãmbo'e,s.
kuãmbyte,s.
kuãngusu,s.
kuápe,p. n.
kuapytĩ,v. air.
kuára,s.
kuarahy,s.
kuarahy'ã,s.
kuarahy'ãva,adj.
kuarahyreike,s.
kuarahysẽgotyogua,adj.
kuarahysẽha,s.
kuare,s.
kuaru,s.
kuatia,s.
texto,v. air.
kuatia'atã,neol.|s.
kuatia'atã'i,neol.|s.
kuatiahai,neol.|s.
kuatihaihára,s.
kuatihaipyre,neol.|s.
kuatia'i,neol.|s.
kuatiañe'ẽ,neol.|s.
kuatiañe'ẽndy,neol.|s.
kuatiapya'e,neol.|s.
kuatia'ỹva,adj.
kuave'ẽ,v. air.
kuãvyha,s.
kucha'ã,adj.
kuchu,adj.
kue,suf. a. n.
ku'e,adj.|s.|v. pr.
kuehe,adv.
kueheambue,adv.
kuépe,p. n.
kuera,adj.|v. pr.
kuéra,adj.
kuerái,adj.|s.|v. atr.
ku'i,adj.|s.
kúi,adj.|v. pr.
kui'ĩ,s.
kuimba'e,s.
kuimbe,s.
ku'ipa,adj.
ku'ipyre,adj.
kũjererã,s.
kukúi,v. pr.
kumanda,s.
kumare,s.
kumbari,s.
kunumi,s.
kunu'ũ,s.|v. atr.
kuña,s.
kuña'i,s.
kuñakarai,s.
kuñataĩ,s.
kupe,s.
kupegua,s.
kupépe,adv.|p. n.
kupy,s.
kupyju,s.
kurapepẽ,s.
kura'ỹi,s.
kure,s.
kure'i,s.
kũremói,s.
kuriju,s.
kuri'y,s.
kuruchi,s.|v. atr.
kuruguãi,s.
kurundu,s.
kurupa'y,s.
kurupi,s.
kururu,s.
kurusu,h.|s.
kuruvi,adj.|s.
kusugue,s.
kutipo,s.
kutu,s.
picotazo,v. air.
kutuha,s.
kutujereha,neol.|s.
kuvuasu,s.
ky'akue,s.
kygua,s.
kyguái,neol.|s.
kyha,s.
kyhyje,s.|v. pr.
kyhyjepyrã,adj.
kyhyje'ỹ,s.
kyja,s.
kyju,s.
kymbu,s.
kypa,neol.|s.
kyporandu,neol.|s.
kypy'y,s.
kyra,adj.|s.
kyrave,v. atr.
kyre'ỹ,adj.|s.
kyre'ỹhápe,adv.
kyry,s.
kyrỹihápe,adv.
kyryryo,s.
kyse,s.
kysevuku,s.
kyta,neol.|s.
kytã,s.
kytĩ,s.|v. air.
kytĩmbyre,adj.|s.
kyto,adj.
kyty,v. air.
kyve'ỹ,s.
kyvõ,adv.
kyvy,s.
kyvyraty,s.
ky'ỹi,s.
lechãi,s.
lekaja,s.
limõ,h.|s.
luisõ,h.|s.
ma'ẽ,s.|v. pr.
ma'ẽha,s.
ma'erã,s.|adv.
ma'ẽra,s.
máicha,adv.
maimbe,adj.|v. pr.
mainumby,s.
maitei,s.|exp.
maiteípa,exp.
mamanga,s.
mamboreta,s.
mamo,s.|adv.
mamorei,adv.
mamove,adv.
mandi,adv.
mandi'i,s.
mandi'o,s.
mandyju,s.
mandyjuty,s.
mandu'a,s.
mandu'apy,s.
manduvi,s.
mandyju,s.
mangaisy,s.
manguruju,s.
mano,s.|v. pr.
mante,adv.
maña,v. pr.
mañaha,s.
marã,adj.|adv.
marã'ỹ,adj.|s.
marae'ỹ,adj.
marãiko,adv.
máramo,adv.
marandova,s.
marandu,s.
marane'ỹ,adj.
marangatu,adj.
marãve,adv.
maravichu,s.
márõ,adv.
máva,pron. ind.|pron.
mavaite,pron. ind.|pron.
mavave,adj.|pron.
mayma,adj.
maymáva,pron.
me,s.|p. n.
me'ẽ,v. pr.
me'ẽha,s.
meguã,adj.|s.
memby,s.
membyanga,s.
membykoĩ,adj.
membyrã,s.|v. atr.
membyraty,s.
membyryme,s.
membyryru,s.
meme,adj.
memegua,adj.
ména,s.
menamanóva,s.
menarã,s.
menda,s.
mendare,adj.
mendare'ỹ,adj.
mendave'ỹ,s.
mensu,h.|s.
merõ,h.|s.
mesa,s.
meve,p. n.
mi,suf. a. n.
michĩ,adj.
mimbi,adj.
mimby,s.
mimi,adj.|adv.
mimói,adj.
mindu'u,v. pr.
mínga,s.
mingáu,s.
mini,adj.
mitã,s.
mitã'i,s.
mitarã,s.
mo,suf. a. v.
mo'ã,v. pr.
mo'ãha,s.
mocha'ĩ,v. pr.
mohe'ẽ,v. pr.
moĩmba,v. pr.
moinge,v. pr.
moingo,v. pr.
moirũ,v. pr.
mokambu,v. pr.
mokõi,adj.|s.
mokõiha,adj.
mokõipa,neol.|adj.
mokõipaha,adj.
momarandu,s.|v. pr.
momaranduha,neol.
momaranduhára,neol.|s.
momba,v. pr.
mombáy,v. pr.
mombe'u,s.
mombe'uha,s.
mombe'urã,neol.|s.
mombo,v. pr.
mombo'o,v. pr.
mombu,v. pr.
momorã,s.
mona,v. pr.
monde,v. pr.
mondo,v. pr.
mondoro,s.|v. pr.
moneĩ,s.|v. pr.
moneĩva,adj.
mongakuaha,v. pr.
mongarai,v. pr.
mongaraipy,s.
mongaru,v. pr.
mongavaju,v. pr.
mongele'e,v. pr.
mongeta,s.
mongora,h.
mongovia,v. pr.
mongu'e,v. pr.
monguera,v. pr.
mongu'i,v. pr.
monguera,v. pr.
mongy'a,v. pr.
mono'õ,v. pr.
moña,v. pr.
moñái,adj.
moñe'ẽra,neol.|s.
mopẽ,v. pr.
mopotĩ,v. pr.
mopu'ã,v. pr.
morangu,neol.|s.
morotĩ,adj.
mosã,v. pr.
mosẽ,v. pr.
motĩ,v. pr.
muã,s.
muakỹ,v. pr.
muanduhe,s.
muangekói,v. pr.
mukure,s.
myakã,v. pr.
myakỹ,v. pr.
myangekõi,v. pr.
myaña,s.|v. pr.
myatyrõ,s.
myendy,v. pr.
myesakã,v. pr.
mymba,s.
mytũ,s.
mba'apo,s.|v. pr.
mba'apohára,s.
mba'asy,s.
mba'e,s.
mba'éicha,adv.
mba'éichagua,exp.
mba'éichapa,interj.|adv.
mba'éiko,adv.|exp.
mba'ejere,neol.
mba'emotepa,s.|exp.
mba'ére,adv.
mba'erei,s.
mba'erepy,s.
mba'ereko,v. pr.
mba'esyvo,s.
mba'eve,pron. ind.
mbaipy,s.
mbaite,suf. a. v.
mbaraka,s.
mbarakaja,s.
mbarete,adj.
mbarigui,s.
mbatara,s.
mba'yru,s.
mbegue,adj.
mbeju,s.
mberu,s.
mbichy,adj.|v. pr.
mbigua,s.
mbira,s.
mbirai,s.
mbiru'a,s.
mbita'i,s.
mbiti,s.
mbo'a,v. pr.
mboaguara,v. pr.
mboaje,s.|v. pr.
mboaju,v. pr.
mbohaku,v. pr.
mboao,v. pr.
mbo'e,s.
mbo'ehao,neol.|s.
mbo'ehára,neol.|s.
mbo'epy,neol.
mbo'esyry,neol.|s.
mboguata,v. pr.
mbogue,v. pr.
mbogueha,neol.|s.
mbohapy,adj.
mbohapyha,adj.
mbohovái,s.
reacción,v. pr.
mboi,v. pr.
mbo'i,v. pr.
mbói,s.
mboisy,s.
mboitu'i,s.
mbojaru,v. pr.|s.
mbojere,v. pr.|s.
mbojoja,s.|v. pr.
mbojojaha,neol.|s.
mbojy,v. pr.
mboka,s.
mbokaja,s.
mbokaja'a,s.
mbokajaty,s.
mbvokapu,s.
mbokua,v. pr.
mbokuaha,s.
mbopi,s.
mborayhu,s.
mbóre,adj.
mboriahu,adj.
mborevi,s.
mbota,s.
mbotavy,s.|v. pr.
mbotorore,v. pr.
mbotove,s.|v. pr.
mboty,v. pr.
mbovy,adj. ind.
mbovyvy,v. pr.
mboy'u,v. pr.
mbujape,s.
mburika,s.
mburuvicha,s.
mbusia,s.
mbusu,s.
mbutu,s.
mbya,s.
mbyaí,v. pr.
mbyaiha,adj.
mbyaty,v. pr.
mbyepoti,s.
mbyja,s.
mbyja'i,neol.|s.
mbyjakuaa,neol.|s.
mbyju'i,s.
mbyky,adj.
mbyry'ái,s.
mbyte,s.
mbytépe,adv.
na,v. pr.
negativa,suf. a. v.
nahániri,adv. de neg.
nahesakãi,adj.
naimokõivai,adj.
naiñambuéiva,adj.
naipohãiva,adj.
nambi,s.
namichãi,s.
nandi,adj.
narã,h.|s.
narãhái,h.|s.
ne,adj.|s.|pron.
sing,v. atr.
neg,suf. a. v.
neaño,exp.
neĩ,adv.|v. pr.
néi,interj.
neipamírõ,adv.
ne'ĩra,adv.
nemba'e,pron.
nevu,adj.|s.|v. atr.
niko,adv.
nipo,adv.
no'õ,s.|v. pr.
notĩvai,adj.
nundu,v. pr.
nune,adv.
nunga,adv.
nupã,v. air.
ndacha'éi,s.
ndaje,exp.
nde,adj.|s.|pron.
ndéve,pron.
ndivegua,s.
ndu,s.
ndy,s.
ndyry,v. pr.
ndyvu,v. pr.
nga'u,v. pr.|adv.
nge,s.
ngue,suf. a. n.
nguéra,adj.
nte,s.
ña'e,s.
ña'ẽmbe,s.
ñaha'arõ'ỹre,adv.
ñahatĩ,s.
ñai'ũ,s.
ñakãity,s.|v. pr.
ñakanina,s.
ñakã'o,v. pr.
ñakurutũ,s.
ñakỹ,v. pr.
ñakyrã,s.
ñami,v. pr.
ñana,s.
ñanandy,s.
ñande,pron.
ñánde,adj.
Ñandejára,s.
ñandéva,adj.
ñandéve,pron.
ñande'ỹva,adj.
ñandú,s.
ñandú'a,s.
ñanduguasu,s.
ñanduka,v. pr.
ñanduti,s.
ñandy,s.
ñandy'o,v. pr.
ñandyry,s.
ñane,pron.
ñáne,adj.
ñanemba'e,pron. pos.
ñangapiry,s.
ñangareko,s.
protección,v. pr.
ñangarekoha,s.
ñangarekohára,s.
ñangarekouka,v. pr.
ñanga'u,v. pr.
ñani,s.|v. pr.
ñaña,adj.
ñañangue,s.
ñañaseva,adj.
ñañuva,s.|v. pr.
ñapamona,v. pr.
ñapĩ,v. pr.
ñapi'ũ,v. pr.
ñapymi,v. pr.
ñapysẽ,v. pr.
ñapytĩ,v. pr.
ñapytĩmby,s.
ñaro,adj.|s.
ñarõitépe,adv.
ñarukã,s.
ñati'ũ,s.
ñatõi,v. pr.
ñatõiha,s.
ña'yña,adj.
ñe,s.
ñe'ã,s.
ñeakãity,s.
ñeandu,s.
ñeangecha,neol.|s.
ñe'angu,s.
ñe'ãvevúi,s.
ñecha'ĩ,v. pr.
ñe'ẽ,s.
ñe'ẽgua'u,s.
ñe'ẽguy,v. pr.
ñe'ẽha,s.
ñe'ẽjoaju,s.|neol.
ñe'ẽjoapy,v. pr.|neol.|s.
ñe'ẽjoja,v. pr.
ñe'ẽjoko,v. pr.
ñe'ẽjuehegua,neol.|s.
ñe'ẽjuehegua'ỹ,neol.|s.
ñe'ẽkõi,adj.|s.
ñe'ẽkuaa,neol.|s.
ñe'ẽkuahambo'e,neol.|s.
ñe'ẽumby,v. pr.
ñe'ẽkurusu,neol.|s.
ñe'ẽmbegue,s.
ñe'ẽmbo'e,neol.|s.
ñe'ẽmbyrã,s.
ñe'ẽmbyre,adj.
ñe'ẽme,adv.
ñe'ẽme'ẽ,s.|v. pr.
ñe'ẽme'ẽmbyre,adj.
ñe'ẽmeguã,s.|v. pr.
ñe'ẽmondo,s.|v. pr.
ñe'ẽmongeta,s.
ñe'ẽndy,s.
ñe'ẽnga,s.
ñe'ẽngai,s.|v. pr.
ñe'ẽngatu,adj.
fanfarrón,s.
ñe'ẽngu,adj.|s.
ñe'ẽngue,s.
ñe'ẽnguru,adj.|s.|v. pr.
ñe'ẽpa'ã,v. pr.
ñe'ẽpehẽ,neol.|s.
ñe'ẽpoty,s.
ñe'ẽmbo'e,neol.
ñe'ẽpyta,v. pr.
ñe'ẽrei,s.|v. pr.
ñe'ẽreity,s.
provocación,v. pr.
ñe'ẽrendu,adj.|s.
Obediencia,v. pr.
ñe'ẽryru,neol.|s.
ñe'ẽsyry,s.
ñe'ẽtarova,v. pr.
ñe'ẽypy,neol.|s.
ñe'ẽyvoty,neol.|s.
ñeguahé,s.
ñeguahẽmba,s.
ñeha'ã,s.|v. pr.
ñeha'anga,s.
ñeha'arõ,s.
ñeha'aro'ỹ,adj.
ñeha'uvõ,s.
ñehẽ,v. pr.
ñehenduka,v. pr.
ñehendu'ỹva,adj.
ñehendyvapo,v. pr.
ñehe'ỹi,v. pr.
ñehunga,s.|v. pr.
ñeĩ,s.
ñeĩha,s.
ñeikotevẽva,adj.|s.
ñeimo'a,s.
impresión,v. pr.
ñeimo'ãva,adj.|s.
ñekambu,s.
ñekangy'o,v. pr.
ñekañyha,s.
ñekarãi,s.
ñeke'a,s.
ñekoni,s.
ñeko'õi,s.
ñekuã,s.|v. atr.
ñekuave'ẽ,s.
proposición,v. pr.
ñekytĩ,s.
ñema'ẽ,s.
ñemandu'a,s.
ñemano,s.
ñemba'apo,s.
ñemboai,v. pr.
ñemboaje,s.
ñemboapakua,v. pr.
ñemboapyte,v. pr.
ñemboapytero,v. pr.
ñembo'e,s.|v. pr.
ñembogua,s.|v. pr.
ñemboguata,s.
ñemboguevi,s.
ñembohai,neol.|s.
ñembohakykue,s.
ñembohapo,v. pr.
ñembohasa,s.
ñembohaso,v. pr.
ñemboheko,s.
ñembohekóva,adj.
ñembohepy,s.
ñemboheta,s.|v. pr.
ñembohetã,s.|v. pr.
ñembohetia'e,v. pr.
ñembohory,s.|v. pr.
ñembohova'atã,v. pr.
ñembohovái,s.
ñembohovake,s.
ñembohupa,v. pr.
ñembohypy'a,v. pr.
ñemboi,v. pr.
ñembo'i,v. pr.
ñemboitapyre,adj.
ñemboja,s.
implicación,v. pr.
ñemboja'o,adj.|s.
ñembojára,v. pr.
ñembojaru,s.
ñembojevy,s.|adj.
ñembojehe'a,v. pr.
ñemboje'o,v. pr.
ñembojere,s.|v. pr.
ñembojevy,s.
ñembojoja,s.
ñembojovái,v. pr.
ñembokate,h.|s.
ñembokatupyry,v. pr.
ñemboki,s.|v. pr.
ñembokiha,s.
ñembokua,s.
ñembopiro'y,v. pr.
ñembopiru,v. pr.
ñembopochy,v. pr.
ñembopo'i,v. pr.
ñembopopo,s.
ñembopuku,s.
alargamiento,v. pr.
ñembopyahu,adj.|s.|v. pr.
ñembopyhare,v. pr.
ñemboro'ysa,adj.
ñembosako'i,s.
ñembosarái,s.|v. pr.
ñembota,s.|v. pr.
ñembotapykue,s.
ñembotarova,s.
ñembotavy,s.
treta,v. pr.
ñembotove,s.
veto,v. pr.
ñembotuicha,s.
ñembotuja,adj.
ñemboty,adj.|s.|v. pr.
ñembotyvyro,s.
ñembou,adj.|s.|v. pr.
ñembova,s.|v. pr.
ñembovayva,v. pr.
ñembovo,v. pr.
ñembovyvy,s.
ñembo'y,v. pr.
ñemboyke,adj.|v. pr.
ñemboyku,s.|v. pr.
ñemboybate,s.|v. pr.
ñemboyvytu,s.|v. pr.
ñembuai,s.|v. pr.
ñembuasy,s.
ñembuaty,s.
ñembuekovia,v. pr.|s.
ñembyaipyre,adj.
ñembyai'ỹva,adj.
ñembyaju,s.
ñembyasy,adj.|s.|v. pr.
ñembyaty,s.|neol.
ñembyekovia,s.
ñeme'ẽ,s.|v. pr.
ñemenda,s.
ñemi,adj.|v. pr.
ñemiha,s.
ñemihápe,adv.
ñemihapegua,adj.
ñemimby,adj.|s.
ñemitỹ,s.|v. pr.
ñemo'ã,s.
ñemoaguĩ,s.|v. pr.
ñemoakãraku,v. pr.
ñemoakuruchĩ,v. pr.
ñemoakỹ,adj.|s.
ñemoambue,s.
transfiguración,v. pr.
ñemoañete,s.
ñemoaño,v. pr.
ñemo'ãpyre,adj.
ñemoarandu,v. pr.
ñemoatã,v. pr.
ñemoguahẽ,s.
ñemohakamby,v. pr.
ñemohatã,s.
ñemohenda,s.
clasificación,v. pr.
ñemohesãi,s.
ñemohesakã,s.
ñemohu'ũ,s.
ñemoĩ,s.
ñemoirũ,v. pr.
ñemoĩva,adj.
ñemokunu'ũ,s.
ñemokyre'ỹ,v. pr.
ñemomandu'a,s.|v. pr.
ñemomarandu,s.
ñemomba,s.|v. pr.
ñemomba'e,s.|v. pr.
ñemomba'eguasu,s.
ñemomba'eguasúva,adj.
ñemomba'eheta,v. pr.
ñemombarete,v. pr.
ñembombe'u,s.
ñemombo,s.|v. pr.
ñemombyky,s.
ñemomichĩ,s.|v. pr.
ñemomirĩ,s.
ñemomombyry,s.|v. pr.
ñemona,v. pr.
ñemonandi,s.
ñemonda,s.
ñemonde,s.|v. pr.
ñemoneĩ,s.
ñemongarai,s.
ñemongaru,s.
ñemongeta,s.|v. pr.
ñemongorapyre,h.|adj.
ñemonguerái,s.
ñemongu'i,s.
ñemongy'a,s.
ñemongyhyje,s.
ñemono'õ,s.
ñemoña,s.|v. pr.
ñemoñanga,s.
ñemoñarã,s.
ñemoñare,s.
ñemoñe'ẽ,s.
ñemoperõ,s.
ñemopirĩ,v. pr.
ñemoporã,v. pr.
ñemoporãve,s.|v. pr.
ñemopore'ỹ,s.
ñemopotĩ,s.
purificación,v. pr.
ñemopu'ã,s.
ñemopytã,v. pr.
ñemopytũ,v. pr.
ñemosarambi,s.
ñemosãso,s.
ñemosẽ,s.|v. pr.
ñemotenonde,s.
prosperidad,v. pr.
ñemotĩ,s.
ñemotimbo,v. pr.
ñemotĩñe'ẽ,s.
ñemovã,v. pr.
ñemu,s.|v. pr.
ñemuagẽ,v. pr.
ñemuakỹ,s.
ñemuaña,s.
ñemuasãi,s.|v. pr.
ñemuha,s.
ñemuhára,s.
ñemyangekói,s.
ñemyatyrõ,s.
ñemyenyhẽ,s.
ñemyi'ỹ,s.
ñemyrõ,s.|v. pr.
ñemyronde,adj.
ñendyvu,v. pr.
ñeno,v. pr.
ñenohẽ,s.|v. pr.
ñensugy,adj.
ñenupa,s.
ñeñakãity,s.
ñeñandu,s.
ñeñaniha,s.
ñeñapi,s.
ñeñapytĩ,s.
ñeñe'ẽ,v. pr.
ñeñe'ẽme'ẽ,s.
ñeñoty,s.
ñeñotỹha,s.
ñeñuva,v. pr.
ñeñyrõ,s.
ñepã,adj.
ñepa'ã,s.
ñepẽ,s.
ñepehẽ'a,s.
ñepiã,s.
ñepia'ã,s.|v. pr.
ñepichãi,s.
ñepi'ũ,v. pr.
ñepohano,s.|v. pr.
ñepomoĩ,v. pr.
ñeporandu,s.
ñepu,s.|v. pr.
ñepu'ã,s.
motín,v. pr.
ñepurũ,s.
ñepurũgua,adj.
ñepurũmby,s.
ñepurũme,adv.
ñepurũrãre,adv.
ñepysanga,s.
desliz,v. pr.
ñepysyrõ,s.|v. pr.
ñepyta'ã,s.|v. pr.
ñepytũ,v. pr.
ñepytyvõ,s.
ñepyũ,s.
ñerarõ,s.
ñerotĩ,s.
ñeroyrõ,s.
ñesẽ,s.
ñesũ,s.|v. pr.
ñesũhápe,adv.
ñesũpehẽ,s.
ñetĩ,s.
ñetĩhyiha,s.
ñetĩjoso,s.
ñetĩkutu,v. pr.
ñetinga,adj.|v. pr.
ñetingaparo,s.|v. pr.
ñipytũ,adj.|s.
ño,adj.
ñoha'ã,v. pr.
ñoha'anga,neol.|s.
ñohẽ,v. pr.
ñohẽha,s.
ñoirũ,s.|v. pr.
ñoite,adv.
ñombohovái,s.|v. pr.
ñombojoaju,v. pr.
ñomi,v. pr.
ñomoirũ,s.|v. pr.
ñomongeta,s.|v. pr.
ñomongetáva,s.
ñongatu,v. pr.
ñongatuha,s.
ñongatupy,adj.|s.
ñonte,adv.
ñoñupã,v. pr.
ñoña,v. pr.
ñoñe'ẽme'ẽ,v. pr.
ñoñyrõ,v. pr.
ñopẽ,adj.|s.|v. pr.
ñopehẽngue,s.
ñopytyvõ,v. pr.
ñorairõ,s.|v. pr.
ñorairõ'ỹ,s.
ñotỹ,v. pr.
ñotỹha,s.
ñotỹhara,v. pr.
ñotỹhára,s.
ñotỹngue,s.
ñu,s.
ñua'ã,s.
ñuãha,s.
ñuãhára,s.
ñuaitĩ,s.|v. pr.
ñuã'õ,v. pr.
ñuatĩ,s.
ñuatĩndy,s.
ñuaũ,s.
ñuguaitĩ,s.|v. pr.
ñuhã,s.
ñumegua,adj.
ñupa'ũ,s.
ñupyso,s.
ñuvã,v. pr.
ñuvaitĩ,s.|v. pr.
s,v. pr.
ñypytũ,adj.|s.
ñyrõ,s.|v. pr.
ñyrõva,adj.
ñyrõ'ỹva,adj.
oakãvo,adv.
óga,t.|s.
ojere,s.
oyke,s.
ógagua,t.|s.
ogaguy,t.|s.
ogahoja,t.|s.
ogapegua,t.|s.
ogapepo,t.|s.
ogapy,t.|s.
ogapypegua,t.|s.
ogaraity,t.|s.
ogarokái,t.|s.
ogasoja,t.|s.
ogaygua,t.|adj.
oguatáva,adj.
oguepyre,adj.
oguerekóva,s.
oguéva,adj.
oguevíva,adj.
oguévo,adv.
ogyhũhai,neol.|t.|s.
ogyke,neol.|t.|s.
oha'ỹva,adj.
oha'uvõva,s.
ohechakuaháva,adj.
ohechapukúva,s.
ohecháva,s.
ohendúva,s.
oikereíva,adj.
oikéva,adj.
oikoporãva,adj.
oikotevẽva,adj.
oikóva,s.
oikovéva,adj.
oikuaháva,adj.
oĩmbáva,adj.
oimeháicha,adv.
oimehaichagua,adj.
oimehápe,adv.
oiméne,adv.
oimeraẽva,adj.
oiméva,adj.
oimeve,exp.
oireíva,adj.
ojehayuhúva,adj.
ojehe,exp.
ojehegui,exp.
ojehúva,s.
ojeja'e'ỹva,adj.
ojetu'úva,adj.
ojeupe,exp.
ojoehe,adv.
ojoehegui,exp.
ojoeheguy,adj.
ojohuguy,adj.
ojohuguyre,s.
ojojáva,adj.
ojojupe,exp.
ojoupe,adv.
ojuehe,exp.
ojuehegui,adv.
ojukáva,adj.
ojupe,exp.
ojupíva,adj.
okápe,adv.
okára,adj.
okay'úva,s.
okẽ,t.|s.
oke'ỹva,adj.
okyta,s.
okyve'ỹ,s.
omanóva,adv.
omañáva,adj.
ombo'áva,adj.
ombo'éva,s.
ombohováiva,adj.
ombojeréva,adj.
ombopukuaháva,s.
omboróva,adj.
omovy'áva,adj.
omenda'ỹva,adj.
omyi'ỹva,adj.
oñehẽha,s.
oñemoĩva,adj.
oñondive,adv.
oñoñe'ẽ,s.
oñoñe'ẽme,adv.
oñopehẽngue,adj.
opa,s.|adj.
opa'ãva,adj.
opaha,s.
opáicha,adv.
opaichagua,adj.
opárupi,adv.
oparupigua,adj.
opáva,adj.
opavave,adj.
opave'ỹva,adj.
opa'ỹha,s.
opa'ỹva,adj.
opáyva,adj.
opiãva,adj.
opívo,adj.
opu'ãva,adj.
opytaitéva,adj.
opytáva,adj.
opyta'ỹva,adj.
ore,pron.
interlocutor,adj.
orejupe,exp.
oremba'e,pron. pos.
oréve,pron.
osaingóva,adj.
osẽva,adj.
osõva,adj.
otĩva,adj.
otĩ'ỹva,adj.
ováva,adj.
ovaváva,adj.
ova'ỹ,adj.
ovecha,h.|s.
ovecharague,h.|s.
overáva,adj.
ovetã,neol.|s.
ovevéva,adj.
ovúva,adj.
ovy'áva,adj.
oygue,s.
pa,neol.|adj.|v. pr.|suf. a. v.
pa'ã,adj.|s.|v. pr.
pa'ãha,s.
pague,adj.
paha,adj.
pahague,adj.
pahápe,adv.
pa'i,s.
páila,s.
pa'irã,s.
paite,suf. a. v.
paje,s.
pakõi,neol.|adj.
pakova,s.
pakuri,s.
panambi,s.
pane,adj.|s.
papa,v. air.
papagua,neol.|adj.
papaha,neol.|s.
papahára,neol.|s.
papapy,neol.
papapyre,adj.
papo,neol.|adj.
papyeta,neol.|s.
para,adj.
parapa,adj.
pararã,s.
parĩ,adj.|s.
parundy,neol.|adj.
patẽi,neol.|adj.
pati,s.
patĩ,adj.
patuka,v. pr.
patula,h.|s.
pa'ũ,s.
pa'ũme,p. n.
pa'ũmegua,adj.
pavẽ,adj.
pave'ỹ,adj.
páy,s.|v. pr.
pe,adj.|s.|p. n.
pẽ,s.|v. pr.
pe'a,v. air.
pe'aha,neol.
pe'apyre,adj.
pegua,p. n.
pehẽ,s.
pehẽngue,s.
pehẽngue'í,s.
pehẽnguemi,s.
pehẽnguére,adv.
pehẽnguéva,adj.
péicha,adv.
peichagua,adj.
peichaite,exp.
peína,exp.|adv.
péina,exp.
peju,s.|v. air.
pejuha,s.
pekõi,adj.
pekue,s.
peky,adj.
pénde,adj.
penemba'e,pron. pos.
pẽngue,adj.
peno,s.
pe'o,v. air.
pepe,v. pr.
pépe,adv.
pepete,adv.
pepi,v. air.
pepiru,s.|v. pr.
pepo,s.
pepo'atã,neol.|s.
pepyhára,v. air.
pere,s.
perere,s.|v. pr.
pererĩ,adj.
perõ,h.|adj.
pesẽngue,s.
pete,s.
peteĩ,adj.
peteĩcha,adj.|adv.
peteĩha,s.
peteĩnte,adj.
peteĩteĩ,exp.
peterevy,s.
petỹ,s.
péu,s.
péva,pron. dem.
peve,p. n.
pi,v. pr.|p. n.
piã,s.|v. pr.
piári,p. n.
pichãi,s.|v. air.
picha'ĩ,adj.
pichy,s.|v. air.
pijoha,s.
pijy,adj.
piko,exp.
piky,s.
pinda,s.
pindo,s.
pindoty,s.
pípu,interj.
pira,s.
pirãi,s.
piraju,s.
piraju'i,s.
pirakutu,v. air.
pirakutuha,adj.
pirañuhã,s.
pirapire,s.
pirarembi'u,s.
pire,s.
pireguy,adj.
pire'o,s.|v. air.
preporã,adj.|s.
piri,s.
pirĩ,s.|v. atr.
pirĩmba,adj.
piriríta,h.|s.
pirity,s.
piro,v. air.
piropyre,adj.
piro'y,adj.|s.
piro'yha,s.
piru,adj.|s.|v. atr.
piru'ã,s.
piruchĩ,adj.
pita,h.
pitarã,neol.
pitikiri'ĩ,s.
pitikiri'ĩgua,adj.
pititi,adj.|s.
pitogue,s.
pituva,adj.|s.
po,s.|adj.
po'a,s.
po'apy,s.
poapẽ,s.
poapyha,neol.|adj.
poapypa,neol.|adj.
po'areka,s.|v. air.
poasu,adj.
po'a'ỹ,adj.|s.
pochy,adj.|s.|v. atr.
poepy,s.|v. air.
poguasu,adj.
poguasukue,s.
poguy,s.
poguyguy,v. air.
poguypegua,s.
poguyrõ,s.
pohã,s.
pohãjukaha,s.
pohãkutu,s.
pohãngy'u,s.
pohãno,v. air.
pohanoha,s.
pohanohára,s.
pohe,adj.
pohéi,v. air.
pohyira'ãha,neol.|s.
poi,v. pr.
po'i,adj.
poipyre,adj.
pojái,v. atr.
pojera,adj.|s.
pojopy,adj.|s.
poka,v. air.
pokã,adj.|v. atr.
pokatu,s.
poko,v. pr.
pokõi,neol.|adj.
pokõiha,neol.|adj.
pokõipa,neol.|adj.
pokõisa,neol.|adj.
pokoka,s.
pokovi,adj.
pokua,v. air.
pokuaa,s.
costumbre,v. pr.
pokuaha,s.|v. pr.
pokyty,v. air.
pombéro,s.
po'o,v. air.
popa,neol.|adj.
popaje,s.
popegua,s.
popeno,adj.
popete,s.
popi,adj.|v. air.
popĩa,s.
popo,v. pr.
popyte,s.
porã,adj.
póra,s.
porandu,s.
porãngareko,s.
porangue,s.
porãnguereko,v. pr.
porãve,adj.
poravo,s.
poravoha,s.
poravopyre,adj.
poreno,s.
poriahuvereko,s.
poriahuverekóva,adj.
poro'u,v. pr.
poru,v. air.
poruha,s.
porundy,neol.|adj.
porundyha,neol.|adj.
porundypa,neol.|adj.
poruvai,v. air.
posa,neol.|adj.
pota,s.|v. air.
potaha,s.
potapyre,adj.
potave,v. air.
pota'ỹ,adj.
pota'ỹme,adv.
poteĩ,neol.|adj.
poteĩha,neol.|adj.
poteĩpa,neol.|adj.
poti,s.
potĩ,adj.
potingue,s.
poty,s.|v. atr.
potyjera,s.|v. atr.
potykuru,s.
povã,v. air.
povãha,s.
povyvy,v. air.
poyhu,s.
poivi,s.
pu,s.|v. atr.
pu'ã,adj.|s.
pu'ae,neol.|s.
pu'aka,adj.|s.
pu'akáva,adj.
puapy,neol.|s.
pujojáva,neol.|adj.
puka,s.|v. pr.
pukarã,adj.
pukavy,s.
puku,adj.|adv.
pukukue,s.
pumbyry,neol.|s.
pundie,neol.|s.
punga,s.
pupu,s.
purahéi,s.
purahéiha,s.
puru,v. air.
puru'a,adj.|s.
puru'ã,s.
puruka,v. air.
pururã,adj.
pururũ,s.|v. pr.
puso,neol.
puyvoty,neol.|s.
py,adj.|s.
py'a,s.
pya'e,adj.
pyaguapy,adj.|s.
py'aguasu,adj.
intrépido,s.
pyaha,s.|v. air.
pyahái,s.
py'ahatã,adj.
pyahẽ,s.
pyaho,s.
anhelo,v. atr.
pyahu,adj.
py'ajére,s.
py'ajoko,s.
py'amano,s.
vahído,v. atr.
py'amirĩ,adj.|s.
Cobardía,v. atr.
py'amonmgeta,s.
meditación,v. atr.
py'anandi,v. atr.
pyandu,s.
pyangekõi,adj.|s.
py'añemongeta,s.
py'añopu,v. atr.
pyao,neol.|s.
py'aporã,s.
py'apotĩ,adj.
py'apy,s.
py'ara'ã,s.
py'araku,s.
py'arasy,s.
py'aro,adj.
py'arory,s.
py'asangue,s.
py'atarova,adj.|s.
py'atĩ,s.
pyáu,adj.|s.
py'avai,s.
pyguasu,adj.
pyhare,adj.|s.
pyharegua,adj.
pyharekue,adv.
pyharepyte,s.
pyhéi,s.
pyho,s.
pyhy,v. air.
pyhyha,adj.|s.
pyhypyre,adj.
py'i,adj.
pykasu,s.
pyko'ẽ,adj.
pykúi,v. air.
pynandi,adj.
pyno,s.
pype,adv.
pype,p. n.
pypegua,adj.
pypo,adj.
pypore,s.
pypyte,s.
pyrague,s.
pyratĩ,s.
pyru,v. air.
pyrũ,s.|v. pr.
pyruru,s.
pysã,s.
pysãpe,s.
pyso,adj.|v. air.
pysyrõ,s.
pysyry,s.|v. atr.
pysyrỹi,v. atr.
pyta,s.
permanencia,v. pr.
pytã,adj.
pytagua,adj.
pytaha,s.
pytãngy,adj.
pytãrovy,adj.
pytasã,s.
pytasãngue,s.
pytaso,v. atr.
pytaũ,adj.
pytã'yju,neol.
pyte,v. air.
pyteha,s.
pyti'a,s.
pyti'u,s.
pytu,s.
pytũ,adj.|neol.
pytuhẽ,s.|neol.
pytũhápe,adj.
pytuho,s.|v. atr.
pytujoko,v. air.
pytũmby,s.
pytu'u,s.|v. pr.
pyty,v. atr.
pytyvõ,s.|v. air.
pyvoi,s.
pyvu,v. air.
py'ỹi,adv.
rã,suf. a. n.
ra'a,s.
raẽ,adj.|adv.
previamente,v. atr.
ra'e,adv.
raẽgua,adj.
ra'eve,t.|adj.
ragẽ,t.|s.|v. atr.
rague,t.|s.
raguino,t.|s.|v. atr.
raha,v. pr.
rahaha,s.
rahuaka,v. pr.
rãi,t.|s.|v. atr.
raimbe,t.|adj.
rãimbíra,t.|adj.
rairõ,s.|v. pr.
rairõhápe,adv.
rairõ'ỹ,adj.
raity,t.|s.
rajy,s.
rakã,t.|s.
raka'e,adv.
rako,t.|s.
rakykuerigua,t.|adj.
rambeypy,t.|s.
rambi,v. pr.
rambosa,h.|s.|v. pr.
ramo,adv.
ramogua,adj.
ramói,t.|s.
rangue,adj.
rañykã,t.|s.
rañykãguyruru,t.|s.
ra'o,t.|adj.
rapére,t.|adv.
rapicha,t.|s.
rapo,t.|s.|v. atr.
rapykue,t.|s.
rapykuépe,t.
rapykuere,t.|s.
rapykuére,t.
rapykuéri,t.
rapykuerigua,t.|s.
rapykuévo,t.|adv.
rari,adj.
rasa,adv.
rasẽ,t.|adj.|s.|v. atr.
rasẽngy,t.|adj.|v. atr.
raso,t.|s.|v. atr.
rasy,t.|adj.|s.|v. atr.
rata,t.|s.
rataindy,t.
ratĩ,t.|s.
ratypykua,t.|s.
ravẽ,t.|s.|v. atr.
ravel,h.|s.
ravichãi,t.|adj.
raviju,t.|adj.
ravira,t.
raviru,t.|adj.
ra'y,adj.|s.
ra'yanga,s.
rayhu,t.
rayhupára,t.|s.
rayhu'ỹ,t.|adj.
ra'ỹi,t.|s.
ra'ỹingue,t.|s.
ra'ykue,t.|s.
ra'ymi,t.|adj.
ra'yranga,s.
re,p. n.
per,suf. a. n.
rechapy,t.|s.
rechaserei,s.
rehegua,p. n.
reheve,p. n.
rei,adj.|adv.
reihápe,adv.
rehe'ỹ,p. n.
reike,s.
reína,adv.
reindy,t.|s.
reka,t.|s.
reko,t.|s.
rekoavy,t.|s.
rekombyai,v. pr.
rekorã,t.|s.
rekose,v. pr.
rekotee,t.|s.
rekove,v. pr.
rekovia,t.|adj.|p. n.
rembe,t.|s.
rembe'y,t.|s.
rembiasakue,t.|s.
rembiayhu,t.|s.
rembipota,t.|s.
rembireko,t.|s.
rembi'u,t.|s.
remby,t.
remiandu,t.|s.
remiarirõ,t.|s.
remime'ẽ,t.|s.
remitỹngue,t.|s.
remói,t.|s.|v. atr.
renda'ỹ,t.|adj.
rendu,t.
rendy,t.|adj.
renonde,t.|s.
renondépe,t.
renyhẽ,t.|s.
renypy'ã,t.
reñói,t.|s.
repy,t.|s.
réra,t.|s.|v. atr.
reraguapy,neol.
rerakuãva,t.|adj.
rerovaha,adj.
reruha,adj.
reruka,v. pr.
rerupyre,adj.
resa,t.|s.
resa'ãme,t.
resaho,t.
resãi,t.|adj.|v. atr.
resake,t.|adj.|s.
resakuaguyry,t.|s.
resapirĩ,t.|s.
resarái,t.
resatĩ,t.|adj.
resatũ,t.|adj.
resavã,t.|adj.
resavi,t.|adj.|v. atr.
resa'yju,t.|adj.
resaysyry,t.
reta,t.|adj.|s.
rete,t.|s.
retia'e,t.|adj.
humor,s.
retyma,t.|s.
ri,p. n.|suf. a. v.
rire,adv.|p. n.
reiregua,adj.
riremi,adv.
ro,adj.|s.|pron.
roguahẽ,v. pr.
roguata,v. pr.
rogue,t.|s.
rohasẽ,v. pr.
rohory,v. pr.
roína,adv.
roja,v. pr.
rojahe'o,v. pr.
rojere,v. pr.
rojevy,v. pr.
rojopói,v. pr.
rojy,v. pr.
rokái,t.|s.|neol.
rokañy,v. pr.
rokirirĩ,v. pr.
romandu'a,v. pr.
rombyasy,v. pr.
ropáy,v. pr.
ropeju,t.|adj.
ropeky,t.|s.
ropepi,t.
ropevy,t.
ropipi,v. pr.
ropojái,v. pr.
ropurahéi,v. pr.
ropyta,t.|s.
rora,s.
rory,t.|s.
rosapukái,v. pr.
rova,v. pr.
rova'api,t.|s.
rova'atã,t.|adj.
rovái,t.
rovamokõi,t.|adj.|v. atr.
rovapete,t.|adj.
rovapuku,t.|adj.
rovasy,t.|adj.
rovia,v. pr.
roviru,adj.
rovy,t.|adj.
rovyũ,t.|adj.
ro'y,adj.|s.
edad,v. atr.
royrõ,s.|v. pr.
ro'yrypy'a,s.|v. atr.
ro'ysã,t.|s.
ru,s.|v. pr.
ru'ã,t.|s.
rugua,t.|s.
ruguái,t.|s.
rupa,t.|s.
rupi,p. n.
rupi'a,t.|s.
ruru,adj.
ruruka,v. pr.
rusu,adj.
ruvicha,t.|s.
ry,s.
ry'ái,t.|s.|v. atr.
ryakuã,t.|s.
ryeguasu,t.|adj.
ryepy,t.|s.
ryguasu,s.
ryguatã,t.|adj.
ryke,s.
ryke'y,s.
rymba,t.|s.
rypa,t.|adj.
rypy'a,t.|adj.
coagulado,v. atr.
rypy'are'ẽ,neol.|t.|s.
ryru,t.|s.|v. pr.
ryvi,t.|s.
ryvy,s.
sa,neol.|adj.|s.
sã,s.
sagua'a,adj.
saguy,s.
sa'i,adj.|adv.
sái,s.
sa'iha,s.
sa'ikue,s.
saingo,adj.|v. pr.
saite,adj.
saite'oha,s.
saite'opyre,adj.
sakã,adj.
sakarõ,h.|s.
sake,adj.|s.|v. atr.
sako'i,v. pr.
sakuape,s.
sambo,adj.
sãmbuku,adj.
sãmbyhy,v. air.
sãmbyhyha,s.
sãmbyhypyre,s.
sãmbyky,adj.
samu'ũ,s.
sandia,h.|s.
sangy,adj.
santo'ára,h.|s.
santoro,h.|adj.
sã'o,v. pr.
sapara,adj.
sapatu,h.|s.
sapatupe,h.|s.
sapikua,s.
sapile'u,s.
sapukái,s.|v. pr.
sapukaihápe,adv.
sapukaijoa,s.
sapy,v. pr.
sapy'a,adj.|s.
instante,adv.
sapy'agua,adj.
sapy'aitegua,adj.
sapy'amigua,s.
sapy'ante,adv.
sapy'apy'a,adj.
discontinuo,adv.
sapy'arã,adj.
sapy'ava,adj.
sapymi,v. pr.
sapyso,s.|neol.
sarã,s.
saraki,adj.
sarambi,adj.
desordenado,s.|v. atr.
sarambihápe,adv.
sarãndy,s.
sarapĩu,h.|s.
sarĩa,s.
sarigue,adj.
sarigue'o,v. pr.
sarigue'oha,s.
sarigue'opyre,adj.
sãso,adj.|s.
satĩ,adj.
savã,s.
savana,h.|s.
savaypo,s.
savi,s.|adj.
sa'y,neol.|s.
sã'ỹ,adj.
sa'yju,adj.
sa'yjuvy,adj.
sayke,s.
sayku,adj.|s.
sa'y'ỹ,neol.|adj.
se,s.|suf. a. v.
sẽ,s.|v. pr.
sevo'i,s.
sevói,h.|s.
so,adj.|v. pr.
sogue,adj.|s.
soite,v. pr.
soka,s.
soki,h.|s.
so'o,t.|s.
so'ohesy,v. pr.
so'ohesyha,s.
soro,adj.|s.
v,adv.
sororo,v. pr.|adv.
soso,adj.|s.
su,neol.|adj.
suguy,adj.|adv.
súiko,s.
suinda,s.
sunu,v. pr.
sununu,s.|v. pr.
suru,v. pr.
suruku'a,s.
sururu,v. pr.
suruvi,s.
susu,s.|v. pr.
susu'a,s.
su'u,s.
su'uha,s.
su'ukue,s.
su'upyre,s.
sy,s.
syanga,s.
syi,s.
sỹi,adj.
syiñandy,s.
syry,s.
circulación,v. pr.
syryko,s.
syryku,s.|v. pr.
syrykue,s.
syrymbe,s.
syryndy,neol.|s.
syryry,s.|v. pr.
syva,s.
syvy,adv.
ta'ã,t.|s.
ta'ãha,neol.|t.|s.
ta'anga,t.|s.
ta'angahai,t.|s.
ta'anga'i,neol.|t.|s.
ta'angambyry,neol.|t.|s.
ta'arõ,t.|s.
tagẽ,t.|s.
taguana,s.
taguato,s.
tague,t.|s.
tagueky,t.|s.
taguyrõ,t.|s.
tahachi,s.
tahachio,neol.|s.
tahataha,s.
tai,neol.|t.|s.
tái,adj.|v. atr.
tãi,t.|s.
taicho,t.|s.
tãímbíra,t.|s.
tãimbore,t.|s.
tãimbuku,t.|s.
tãingue'a,t.|s.
taipy,neol.|t.|s.
tãirasy,t.|s.
taita,s.
taitachu,s.
taitaguasu,s.
taitetú,s.
tayty,t.|s.
taja,s.
tajao,s.
tajasu,adj.|s.
taju,t.|s.
tajuja,s.
tajy,s.
tajygue,t.|s.
tajykatĩ,s.
tajyme,s.
tajyranga,s.
takã,t.|s.
takamby,t.|s.
periné,neol.
takambyapy,neol.|t.|s.
takambypa'ũ,t.|s.
takambyrundy,neol.|t.|s.
takara'a,s.
takate'ỹ,t.|s.
takate'ỹme,t.|adv.
tako,t.|s.
takokũ,t.|s.
taku,t.|s.
takuapi,s.
takuapu,s.
takua,s.
takuare'ẽ,s.
takuare'ẽndy,s.
takuarembo,s.
takuari,s.
takuchi,t.|s.
takuru,s.
takuvo,t.|s.
taky,v. pr.
tamanakuna,s.
tamba,s.
tambeypy,t.|s.
tambo,adj.
tamói,t.|s.
tamo,interj.
tangara,s.
tanimbu,s.
taninbury,s.
tañykã,t.|s.
tañykatĩ,s.
ta'o,t.|s.
tape,t.|s.
tapeatã,neol.|t.|s.
tapeavy,t.|s.
tapehũ,neol.|t.|s.
tapekue,t.|s.
tapéra,s.
taperã,t.|s.
tapere,t.|s.
taperyva,s.
tapesu'a,s.
tapi'a,t.|s.
tápia,h.|s.
tapicha,t.|s.
tapiti,s.
tapo,t.|s.
tapy,t.|s.
tapỹi,s.
tapỹity,s.
tapykue,t.|s.
tapykuegua,t.|s.
tapykuere,t.|s.
tapykuerigua,t.|adj.|s.
tapykuévo,t.|adv.
tapypi,t.|s.
tapypikũ,t.|s.
tarara,v. pr.
tarave,s.
tarova,adj.
taruma,s.
tasẽ,t.|s.
taso,adj.
tasy,t.|s.
tasyo,t.|neol.|s.
tasy'ỹ,t.|s.
tata,t.|s.
tatã,t.|s.
tataendy,t.|s.
tataindy,t.|s.
tatajyva,s.
tatakua,t.|s.
tatãgue,t.|s.
tatapiriri,t.|s.
tatapỹi,t.|s.
tatarẽ,s.
tatarenda,t.|s.
tatarendy,t.|s.
tatatĩ,t.|s.
tatatimbo,t.|s.
tatatina,t.|s.
tataupa,t.|s.
tataveve,t.|s.
tata'y,t.|s.
tataypy,t.|s.
tatĩ,t.|s.
tati'y,t.|s.
tatu,s.
tatykue,t.|s.
tatypy,t.|s.
tatypykua,t.|s.
tatyu,s.
tau,s.
taupéicha,exp.
ta'uvõ,t.|s.
táva,s.
tavagua,adj.
tavaguasu,neol.|s.
tavahu,v. pr.
tavao,neol.|s.
tavapy,s.
tavarandu,neol.|s.
tavaygua,s.
tavẽ,t.|s.
tave'ỹ,s.
taviju,t.|s.
tavusu,s.
tavy,adj.
ta'y,s.
tayhu,t.|s.
tayhupápe,t.|adv.
tayhupára,t.|s.
tayhu'ỹ,t.|s.
ta'ỹi,t.|s.
ta'ỹ,t.|s.
ta'yranga,s.
ta'yrusu,s.
te,s.
techa,t.|s.
techanga'u,t.|s.
techagi,t.|s.
techahára,t.|s.
techakuaha,t.|s.
techambyky,t.|s.
techapyrã,t.|s.
techarã,t.|s.
techase,t.|s.
techaserei,t.|s.
techauka,t.|s.
techaukaha,t.|s.
techaukapy,t.|s.
techaukarã,t.|s.
techavai,t.
techa'ỹ,t.|s.
tee,adj.
tei,suf. a. v.
te'ise,s.
teju,s.
tejujagua,s.
tejutara,s.
teka,t.
teko,t.
tekoañete,t.|s.
tekoasy,t.|s.
teko'avy,t.|s.
tekochauka,neol.|t.|s.
tekoha,t.|s.
tekoha'ã,neol.|t.|s.
tekoha'anga,neol.|t.|s.
tekoite,t.|s.
tekojoja,t.|s.
tekokatu,t.|s.
tekombo'e,t.|s.
tekoporã,t.|s.
tekopy,t.|s.
tekopykuaa,neol.|t.|s.
tekorã'ã,t.|s.
tekorei,t.|adj.|s.
tekoreko,t.|s.
tekosã'ỹ,t.|s.
tekotevẽ,t.|s.
tekovai,t.|s.
tekove,t.|s.
tekovia,t.|s.
tekuái,s.
tembe,t.|s.
tembetary,s.
tembevo,t.|s.
tembe'y,t.|s.
teme'ygua,t.|adj.
tembiapo,t.|s.
tembiapoha,t.|s.
tembiapohára,t.|s.
tembiapochauka,t.|s.
tembiapokuaha,t.|s.
tembiapokue,t.|s.
tembiaporã,t.|s.
tembiapoukapy,t.
tembiasa,t.|s.
tembiasagua'u,t.|neol.|s.
tembiasakue,t.|s.
tembiasy,t.|s.
tembiayhu,t.|s.
tembiechapyrã,t.|s.
tembiecharã,t.|s.
tembiasarái,t.|s.
tembi'euka,t.|s.
tembiguái,t.|s.
tembihai,neol.|t.|s.
tembijerure,t.|s.
tembijoavy,t.|s.
tembijogua,t.|s.
tembijoja,t.|s.
tembijokuái,t.|s.
tembikuaha,t.|s.
tembikuatia,neol.|t.|s.
tembipe,t.|s.
tembiporavo,t.|s.
tembiporu,t.|s.
tembiporuenda,neol.|t.|s.
tembipota,t.|s.
tembipu,t.|s.
tembireka,t.|s.
tembireko,t.|s.
tembirekorã,t.|s.
tembirekove'ỹ,t.|s.
tembi'u,t.|s.
tembi'u'apoha,t.|s.
tembi'urã,t.|s.
tembo,t.|s.
tembyre,t.|s.
temiandu,t.|s.
temiapytũ,t.|s.
temiarirõ,t.|s.
temikotevẽ,t.|s.
temikuave'ẽ,t.|s.
temimbo'e,t.|s.
temimbou,t.|s.
temimbyasy,t.|s.
temime'ẽ,t.|s.
temimeno,t.|s.
temimo'ã,t.|s.
temimondo,t.|s.
temiñemu,t.|s.
temirendu,t.|s.
temirendy,neol.|t.|s.
temitỹ,t.|s.
temitỹhára,t.|s.
temitỹndy,t.|s.
temitỹngue,t.|s.
temói,t.|s.
tenda,t.|s.
tendagua,t.|adj.
tenda'ỹme,t.|adv.
tendota,t.|s.
tendu,t.|s.
tenduha,t.|s.
tendy,t.|s.
tendyva,t.|s.
ténge,adv.
tenimbe,t.|s.
tenimbo,t.|s.
tenói,t.|s.
tenonde,s.|adv.
tenondegua,t.|adj.|s.
tenondekue,t.|s.
tenondépe,t.|adv.
tenonderã,t.|s.
tenondevegua,t.|adj.
tenondévo,t.|adv.
tenyhẽ,t.|s.
tenypy'ã,t.|s.
tenyvanga,t.|s.
teñói,t.|s.
teñoiha,t.|s.
te'õ,t.|s.
te'õngue,t.|s.
tepy,t.|s.
tepyguejy,t.|s.
tepykue,t.|s.
téra,t.|s.
tẽra,conj.
teraguapy,t.|s.
teraite,t.|s.
terajoapy,neol.|t.|s.
terakuã,t.|s.
térare,t.|adv.
terarerekoha,t.|s.
teraryru,t.|s.
terei,adv.
teekoha,t.|s.
terekose,t.|s.
terekua,t.|s.
terekua'ỹ,t.|s.
terere,s.
tero,t.
tero,h.|s.
teroja,t.
tesa,t.|s.
tesa'ã,t.|s.
tesa'i,t.|s.
tesaĩ,t.|s.
tesairũ,neol.|t.|s.
tesajajái,t.|s.
tesaká,t.|s.
tesakãhápe,t.|adv.
tesakãme,t.|adv.
tesakã'ỹ,t.|s.
tesake,t.|s.
tesakua,t.|s.
tesakuape,t.|adj.
tesakuare,t.|s.
tesangy,t.|adj.
tesape,t.|s.
tesape'a,t.|s.
tesapirĩ,t.|s.
tesapirĩme,t.|adv.
tesapyso,t.|s.
tesarái,t.|s.
tesareko,t.|s.
tesaruru,t.|s.
tesatĩ,t.|s.
tesatũ,t.|s.
tesavi,t.|s.
tesay,t.|s.
tesa'ỹi,t.|s.
tesa'yju,t.|s.
tesayku,t.|s.
teta,t.|s.
tetã,t.|s.
tetãygua,t.|adj.
tete,t.|s.
tetéu,t.|s.
tetia'e,t.|s.
tetyma,t.|s.
tetymakarẽ,t.|s.
tevi,t.|s.
tevikua,t.|s.
tĩ,s.
ti'atã,adj.|s.
tĩcha'ĩ,s.
tie'ỹ,adj.
tĩgua,adj.
timbo,s.
timbo'o,v. pr.
tĩmbu,s.|v. pr.
tindy,adj.|s.
tingua,s.
tinguaha,s.
tini,adj.
tĩñe'ẽ,s.|v. pr.
tĩpa'ã,adj.|s.|v. atr.
tiri,adj.|s.|v. pr.
tĩruguy,s.
tĩsyry,adj.|s.|v. atr.
togue,t.|s.
togue'a,t.|adj.
tokái,t.|s.
tokoro'o,s.|v. pr.
toky,t.|s.
toky'o,t.|s.
tope,t.|s.
topea,t.|s.
topeky,t.|s.
topepi,t.|s.
topepireko,t.|s.
topeta,h.
tororõ,s.
tory,t.|s.
toryja,t.|s.
toryjára,t.|s.
torypópe,t.|adv.
tosã,t.|s.
tova,t.|s.
tova'atã,t.|adj.|s.
tova'atãme,t.|adv.
tovacha'ĩ,t.|s.
továi,t.|adv.
tovaja,t.|s.
tovaképe,t.
tovameguã,t.|s.
tovameguã,t.|adj.|s.
tovapete,t.|s.
tovasa,t.|s.
tovasy,t.|s.
tovatavy,t.|adj.|s.
tovayke,t.|s.
tove,adv.
toviru,t.|s.
tovy,t.|s.
tovykã,t.|s.
to'ysã,t.|s.
tu'ã,t.|s.
tu'ãmengua,t.|s.
tuanga,s.
tu'ã'o,t.
tugua,t.|s.
tuguái,t.|s.
tuguare,t.|s.
tugua,t.|s.
tugua'ỹ,t.|s.
tuguy,t.|s.
tuguyho,t.|s.
tuguy'i,t.|s.
tuicha,adj.|adv.
tuichaite,adj.
tuichaiteve,adj.
tuja,adj.
tujakue,s.
tuju,s.
tujuju,s.
tujukua,s.
tujupyre,adj.
tukã,s.
tuku,s.
tukumbo,adj.|s.
tumby,t.|s.
tumi,adj.
tumipyre,adj.
túna,s.
tungusu,s.
tupa,t.|s.
tupã,s.
tupãitu,s.
tupãmba'e,s.
tupãmba'ejára,s.
tupanói,v. pr.
tupão,s.
tupãsy,s.
tupe,adj.
tupi,s.
tupi'a,t.|s.
tupi'áicha,t.|adj.
tupyty,t.|s.
turu,s.
turuñe'ẽ,s.|v. pr.
turuñe'ẽha,s.
tutu,v. pr.
tu'u,v. pr.
tu'ũ,t.|s.
túva,s.
tuvanga,s.
tuva'ỹva,s.
tuvicha,t.|s.
ty,s.
tyai,adj.
ty'ái,t.|s.
tyakuã,t.|s.
tyapu,t.|s.
tyapúpe,t.|adv.
tyarõ,adj.|s.
tye,t.|s.
tyeguy,t.|s.
tyeju,t.|s.
tyekuesẽ,t.|s.
tyembovo,neol.|t.|s.
tyepy,t.|s.
tyepypegua,t.|adj.
tyerasy,t.|s.
tyguatã,t.|s.
tyjúi,t.|s.
tykéra,s.
tyku,t.|s.
tykua,v. air.
tykue,t.|s.
tyky,s.|v. pr.
tykyre,s.
tymba,t.|s.
tymba'api,t.|s.
tymba'apiha,t.|s.
typei,v. air.
typeka,v. air.
typy,t.|s.
typy'a,t.|s.
typycha,s.
typy'ũ,t.|s.
tyrape,s.
tyre'ỹ,adj.|s.
tyru,t.|s.
tyryry,v. pr.
tyvatã,t.|s.
tyvi,s.
tyvy,s.
tyvyo,s.
tyvyro,v. air.
tyvyta,s.
tyvyty,s.
uha,s.
uhéi,s.
u'i,s.
uka,suf. a. v.
uke'i,s.
umi,adj.
umícha,adv.
umichagua,adj.
umíva,pron. dem.
upe,adj.
upearã,conj.
upéare,conj.
upéi,adv.
upéicha,adv.
upeichagua,adj.
upeicharõ,conj.
upeigua,adj.
upekuévo,conj.
upépe,adv.
upepete,adv.
upepeve,adv.
upéramo,adv.|conj.
uperiregua,adj.
upérõ,adv.
upérupi,adv.
upéva,pron. dem.
upévagui,conj.
upevaite,exp.
upévare,conj.
upeve,adv.
upevére,conj.
upévo,adv.
úra,s.
uru,s.
urumbe,s.
urunde'y,s.
urupe,s.
urutau,s.
use,s.
úva,s.
uvei,conj.
va,s.|v. pr.
vã,adj.|v. atr.
va'ekue,adv. de tiempo
va'erã,adv.
vai,adj.
vaicha,adv.
vaietépe,adv.
vaiha,s.
vaihápe,adv.
vaikue,adj.
váiro,adj.
vaive,adj.
vaka,h.|s.
vakame,neol.|s.
vakapi,s.
vakara'y,h.|s.
vava,s.
va'ỹva,adj.
vera,adj.|s.|v. pr.
verapy,neol.|s.
veve,s.|v. pr.
vevúi,adj.|v. pr.|adv.
vevuikue,s.
vira,h.
virãi,adj.
viravíra,s.
viru,h.|s.
virume'ẽ,s.|v. pr.
virureruha,adj.
viruróga,neol.|s.
vo,s.|v. pr.|p. n.
vokói,adv.
vokóike,adv.
vore,s.
vorivori,s.
vove,p. n.
vovo,s.
vu,v. pr.
vuruháka,s.
vy,suf. a. n.|suf. a. v.
vy'a,s.|v. pr.
vy'aha,s.
vy'apavẽ,s.
vy'arenda,neol.
vy'a'ỹva,s.
vyrorei,s.
vyso,v. pr.
vyvypy,s.
y,s.
'ỹ,p. n.
yapeno,s.
yga,s.
ygape,s.
ygapóra,s.
ygarape,s.
ygarata,s.
ygarupa,s.
ygary,s.
ygatĩ,s.
ygáu,s.
ygua,s.
yguasu,s.
ygue,adj.|s.
yguy,adj.|s.
yhasa,s.
yjere,s.
yjoapy,s.
ykarai,s.
yke,s.
yke'a,adj.
ykegua,adj.
yképe,adv.
ykére,adv.
ykeregua,adj.|s.
yketeĩ,adj.
ykévo,adv.
ykua,s.
yma,adj.|adv.
ymaguare,adj.
anacrónico,s.|adv.
ymaite,adv.
ymave,adv.
'ỹme,p. n.
ymondoro,v. pr.
ynambu,s.
yno'õ,s.
yno'õmbyre,s.
yno'õngue,s.
ypa,s.
ypa'i,s.
ypa'ũ,s.
ype,s.
ypegua,adj.
ypeguaho,s.
ypekũ,s.
ypekua,s.
ypi,adj.
mustio,s.
ypóra,s.
ypy,adj.|s.|v. atr.
ypykóto,adv.
ypykue,adj.|s.
procedencia,p. n.
ypypegua,adj.
ypytũ,adj.
ỹramo,conj.
yrasẽ,s.
yrasẽma,s.
'ỹre,p. n.
yrembe'y,s.
ỹrõ,conj.
yrupe,s.
yrypy'a,s.
yrypy'aveve,neol.|s.
yryvu,s.
ysã,s.
ysaja,s.
ysapa,s.
ysapu,neol.|s.
ysapy,s.
ysau,s.
ysauka'a,s.
ysẽ,s.
ysẽha,s.
yso,s.
ysondy,s.
ysokamby,s.
ysope,s.
ysotataurã,s.
ysy,s.
ysypo,s.
ysypoñe'ẽ,neol.|s.
ysyry,s.
ysyryha,s.
ysyrysẽ,s.
yta,s.
ytaku,s.
ytakugua,s.
ytarã,adj.
ytimbo,s.
ytororõ,s.
ytu,s.
yty,s.
ytyapy,s.
y'uhéi,adj.|s.|v. atr.
y'upa,s.
yvága,s.
yvagapegua,adj.
yvagapy,s.
yvapo,adv.
yvaporoity,s.
yvapovõ,s.
yvapurũ,s.
yvate,adj.|s.|adv.
yvatekue,s.
yvateve,adj.
yvatevogua,adj.
yvaty,s.
yvemby,s.
yvi,adj.|s.
yvíra,s.
yvope,s.
yvóra,s.
yvoty,s.
yvotyja,neol.
yvotykuru,s.
yvotyñe'ẽ,s.
yvotyry,s.
yvotyty,s.
yvu,s.
yvuku,adj.
yvy,s.
yvy'a,s.
yvy'ã,s.
yvyakua,s.
yvyanga,neol.|s.
yvyape,s.
yvyatatĩ,s.
yvyguy,adj.|s.
yvyhevykóy,s.
yvyja,s.
yvyjo'o,s.|v. pr.
yvyjoso,v. pr.
yvykarãi,v. pr.
yvykua,s.
yvykuaa,neol.|s.
yvyku'i,s.
yvyku'ity,s.
yvymarae'ỹ,s.
yvype,s.
yvypegua,adj.
yvypóra,s.
yvypu'ã,s.
yvyra,s.
yvyra'i,s.
yvyrakua,s.
yvyrape,s.
yvyrareity,v. pr.
yvyraro,s.
yvyrata,s.
yvyraty,s.
yvyray,s.
yvyraygue,s.
yvyreja,v. pr.
yvyrekokuaa,neol.|s.
yvyrekombo'e,neol.|s.
yvyrupigua,s.
yvysoka,s.
yvysusũ,s.
yvytĩ,s.
yvytimbo,s.
yvytu,s.
yvyty,s.
yvyty'ã,s.
yvytykua,s.
yvytymi,s.
yvytypa'ũ,s.
yvytyrusu,s.
yvyvo,s.
yvyvovo,s.
