spanish,model,output_a,output_b,a_is_coq_context,correct_a,correct_b,notes
"Aunque llueve mucho, nosotros vamos a trabajar.",deepseek-chat,"Oiméramo jepe kuri ama, ñande roho mba’apóta.","Aunque oky, ñande roho mba'apóta.",False,,,
"Cuando llueve, los niños no salen a jugar.",deepseek-chat,"Ama oky jave, mitãnguéra ndosẽi oñembosarái.","Ama oky aja, mitãngue ndosẽi ñembosarái.",True,,,
El hombre que vive en la casa grande es mi tío.,deepseek-chat,Kuimba'e oikóva pe óga guasúpe ha'e che tío.,túva,False,,,
El hombre ve la casa.,deepseek-chat,Kuimba'e ohecha óga.,Kuimba'e ohecha pe óga.,True,,,
El niño juega en el patio.,deepseek-chat,Mitã omba’apóta okára gotyo.,Kunumi oñembosarái okára gotyo.,False,,,
El perro corre en el campo.,deepseek-chat,Jagua osyry kokuepe.,Jagua oñani kokuepe.,False,,,
El profesor enseña a los estudiantes.,deepseek-chat,Mbo’ehára ombo’e temimbo’ekuérape.,Mbo'ehára ombo'e temimbo'ekuérape.,False,,,
El profesor le enseña gramática guaraní a los estudiantes nuevos.,deepseek-chat,Mbo’ehára ombo’e gramática guaraní umi temimbo’e pyahúpe.,Mbo'ehára ombo'e gramática guaraní umi temimbo'e pyahúpe.,False,,,
El pájaro vuela sobre el árbol.,deepseek-chat,Yvytu guyra oveve yvyra ári.,Umi guyra oveve yvyra ári.,True,,,
Ella busca su libro.,deepseek-chat,Ha’e ojepovyvy iñaranduka.,Oheka iñaranduka.,False,,,
Ella le da un regalo a su madre.,deepseek-chat,Ha’e ome’ẽ jopói imembykuérape.,Ome'ẽ chupe peteĩ jopói imembykuérape.,False,,,
Ella sabe que su hermano no trabaja los domingos.,deepseek-chat,Ha’e oikuaa iñermáno ndoñemba’apói arateĩme.,Ha'e oikuaa iñermano ndoñemba'apói arateĩkuéra.,False,,,
Ellos hablan guaraní.,deepseek-chat,Ñe’ẽnguéra oñe’ẽ guaraníme.,Oñe'ẽ hikuái guaraníme.,False,,,
Ellos no les dan agua a los animales.,deepseek-chat,Ndo'úi chupekuéra y'ỹ mymba kuérape.,Ndohói chupekuéra yty mymba kuérape.,False,,,
La mujer come pan.,deepseek-chat,Kuñágua o'u mbujape.,Kuñágua ojapo avati.,True,,,
Los hombres construyen una casa.,deepseek-chat,Kuimba'e kuéra omopu'ã peteĩ óga.,Kuimba’e kuéra omopu’ã peteĩ óga.,True,,,
Los niños duermen en la tarde.,deepseek-chat,Ta'anga kuéra oke ka'aru.,Mitãngue oke ka'aru.,True,,,
Nosotras cantamos una canción.,deepseek-chat,Ñande jaipurahéi peteĩ purahéi.,Ñande purahéi peteĩ.,False,,,
Nosotros comemos maíz todos los días.,deepseek-chat,Ñande jaha avati opa ára.,Ñande jai’u avati ára ñavõ.,True,,,
Nosotros no compramos el caballo porque es muy caro.,deepseek-chat,"Ñande ndajoguaíri kavaju, iñeheterei rupi.","Ñande ndajoguarói kavaju, ipu'akaeterei rupi.",True,,,
Nosotros trabajamos mucho.,deepseek-chat,Ñande ñemba'apo heta.,Ñande romba’apo heta.,True,,,
"Si tú vienes mañana, yo preparo la comida.",deepseek-chat,"Eñu nde ko'ẽro, che ambojehe'a tembi'u.","Nde rejúramo ko’ẽro, che amboaje tembi’u.",True,,,
Tú caminas rápido.,deepseek-chat,Nde reiméta pyaʼe.,Reimba.,False,,,
Vosotros escribís una carta.,deepseek-chat,Peẽ pehai peteĩ kuatia.,Peẽ pehai peteĩ kuatiañeʼẽ.,True,,,
Yo compro un caballo.,deepseek-chat,aikuaa kavaju peteĩ.,Che ajogua peteĩ kavaju.,True,,,
Yo le presto mi libro a mi amigo.,deepseek-chat,Ame'ẽ che aranduka che irũme.,Che ame'ẽ che aranduka che irũme.,True,,,
Yo no como carne.,deepseek-chat,Che nda'u'i so'o.,Che nda’úi so’o.,True,,,
Yo te doy las gracias.,deepseek-chat,Aguyje ndéve.,Aguyje ndéve.,False,,,
¿Por qué no vienes a la fiesta esta noche?,deepseek-chat,Mba’éicha reju’ỹ pukarã ko pyharépe?,Nde reju poteĩva?,False,,,
¿Qué le vas a dar a tu madre para su cumpleaños?,deepseek-chat,Mbaʼépa rejapóta nde sy ndéve imboʼe ára?,Mba’épa reme’ẽta nde sype imbo’eha ára haguére?,True,,,
¿Tú le dijiste la verdad a ella?,deepseek-chat,Nde reñe'ẽpa chupe añetegua?,Reju'uka chupe añetegua.,False,,,
¿Tú vienes mañana?,deepseek-chat,Reju pyaʼe koʼẽrõpa?,Reju ko'ẽrõ?,False,,,
