sentence_id,model,context_mode,spanish,output_a,output_b,a_is_llm_only,last_predicate,grammaticality_a,naturalness_a,grammaticality_b,naturalness_b,notes
0,deepseek-chat,none,La mujer come pan.,Kuñágui ojapo’i mbujape.,Kuñágui ojapo mbujape.,True,PARSE_ERROR,,,,,
1,deepseek-chat,none,Tú caminas rápido.,Nde reiméta pyaʼe.,Nde reime pyaʼe.,True,PARSE_ERROR,,,,,
2,deepseek-chat,none,El niño juega en el patio.,Mitã omba’apóta okára gotyo.,Mitã omba’apóta okárape.,True,PARSE_ERROR,,,,,
3,deepseek-chat,none,Nosotros trabajamos mucho.,Ñande jamba’apo heta.,Ñande romba’apo heta.,False,ss_agree_ok,,,,,
4,deepseek-chat,none,Ellos hablan guaraní.,Ñe’ẽnguéra oñe’ẽ guaraníme.,Che guaraníme aipota ñe’ẽnguéra.,True,ss_transitivity_ok,,,,,
5,deepseek-chat,none,Vosotros escribís una carta.,Peẽ pehai peteĩ kuatia.,Peẽ pehai peteĩ kuatía rehe.,True,ss_transitivity_ok,,,,,
6,deepseek-chat,none,El pájaro vuela sobre el árbol.,Guyra oveve yvytu ári.,Yvytu guyra yvyra ári.,False,PARSE_ERROR,,,,,
7,deepseek-chat,none,Ella busca su libro.,Ha'e he'i iñarandukápe.,Ha'e ohayhu iñaranduka.,False,ss_transitivity_ok,,,,,
8,deepseek-chat,none,Yo te doy las gracias.,Aguyje ndéve.,Che ndéve aguyje.,True,PARSE_ERROR,,,,,
9,deepseek-chat,coq,La mujer come pan.,Kuñataĩ okaru pan.,Kuñataĩ okaru.,True,ss_transitivity_ok,,,,,
10,deepseek-chat,coq,Vosotros escribís una carta.,Peẽ pehai peteĩ kuatia.,Peẽ pehai peteĩ kuatía rehe.,True,ss_transitivity_ok,,,,,
11,deepseek-chat,coq,¿Tú vienes mañana?,Reju ko'ẽrõ?,Eju ko'ẽrõ.,True,PARSE_ERROR,,,,,
12,deepseek-chat,coq,Yo te doy las gracias.,aguyje,Che aguyje peteĩ mba'e.,True,ss_agree_ok,,,,,
